decalage	reel_tous	reel_bande	fantome	dyn_tous	dyn_bande	stat_tous	reel_denom	dyn_denom
1	0.673816	0.000000	0.000000	0.000000	0.000000	0.000000	12263	2453
2	0.000000	0.000000	0.000000	0.000000	0.000000	0.076923	12263	2453
3	0.000000	0.000000	0.000000	0.003261	0.000000	0.025641	12263	2453
4	0.000000	0.000000	0.000000	0.014268	0.000000	0.000000	12263	2453
5	0.000000	0.000000	0.000000	0.000000	0.000000	0.000000	12263	2453
6	0.000000	0.000000	0.000000	0.000000	0.000000	0.000000	12263	2453
7	0.000082	0.000000	0.000000	0.004892	0.000000	0.000000	12263	2453
8	0.000000	0.000000	0.000000	0.006115	0.000000	0.000000	12263	2453
9	0.000000	0.000000	0.000000	0.004077	0.000408	0.000000	12263	2453
10	0.000000	0.000000	0.000000	0.000000	0.000000	0.076923	12263	2453
11	0.000000	0.000000	0.000000	0.000000	0.000000	0.025641	12263	2453
12	0.000000	0.000000	0.000000	0.000408	0.000000	0.000000	12263	2453
13	0.000000	0.000000	0.000000	0.000000	0.000000	0.000000	12263	2453
14	0.000000	0.000000	0.000000	0.000000	0.000000	0.000000	12263	2453
15	0.000000	0.000000	0.000000	0.000000	0.000000	0.076923	12263	2453
16	0.000000	0.000000	0.000000	0.009784	0.000000	0.025641	12263	2453
17	0.000000	0.000000	0.000000	0.002854	0.000000	0.025641	12263	2453
18	0.000000	0.000000	0.000000	0.000000	0.000000	0.000000	12263	2453
19	0.000000	0.000000	0.000000	0.029352	0.000000	0.000000	12263	2453
20	0.005790	0.000326	0.000000	0.000408	0.000000	0.000000	12263	2453
21	0.000000	0.000000	0.000000	0.000000	0.000000	0.000000	12263	2453
22	0.004485	0.000000	0.000000	0.000408	0.000000	0.076923	12263	2453
23	0.002283	0.000000	0.000000	0.000000	0.000000	0.128205	12263	2453
24	0.002120	0.000000	0.000000	0.898899	0.871993	0.025641	12263	2453
25	0.003262	0.000000	0.000000	0.000000	0.000000	0.000000	12263	2453
26	0.005627	0.000000	0.000000	0.000000	0.000000	0.000000	12263	2453
27	0.000000	0.000000	0.000000	0.011822	0.000000	0.000000	12263	2453
28	0.002202	0.000000	0.142857	0.000408	0.000000	0.000000	12263	2453
29	0.002528	0.000000	0.000000	0.000000	0.000000	0.000000	12263	2453
30	0.000815	0.000000	0.000000	0.000000	0.000000	0.000000	12263	2453
31	0.000000	0.000000	0.000000	0.000000	0.000000	0.000000	12263	2453
32	0.009459	0.001549	0.000000	0.011415	0.000000	0.000000	12263	2453
33	0.000000	0.000000	0.000000	0.000408	0.000000	0.076923	12263	2453
34	0.000245	0.000000	0.000000	0.000000	0.000000	0.000000	12263	2453
35	0.005627	0.000000	0.000000	0.145128	0.000000	0.076923	12263	2453
36	0.004485	0.000000	0.000000	0.000000	0.000000	0.025641	12263	2453
37	0.004648	0.000000	0.142857	0.020791	0.000000	0.000000	12263	2453
38	0.005464	0.000000	0.000000	0.000000	0.000000	0.000000	12263	2453
39	0.000000	0.000000	0.000000	0.009784	0.000000	0.000000	12263	2453
40	0.022344	0.000000	0.000000	0.000000	0.000000	0.205128	12263	2453
41	0.038897	0.000000	0.000000	0.000000	0.000000	0.000000	12263	2453
42	0.000897	0.000000	0.000000	0.002854	0.000000	0.000000	12263	2453
43	0.000163	0.000000	0.000000	0.000000	0.000000	0.000000	12263	2453
44	0.000000	0.000000	0.000000	0.000815	0.000000	0.000000	12263	2453
45	0.865041	0.302944	0.000000	0.000000	0.000000	0.025641	12263	2453
46	0.000000	0.000000	0.000000	0.000000	0.000000	0.000000	12263	2453
47	0.000245	0.000000	0.000000	0.000000	0.000000	0.000000	12263	2453
48	0.000897	0.000000	0.000000	0.000000	0.000000	0.000000	12263	2453
49	0.000000	0.000000	0.142857	0.000000	0.000000	0.000000	12263	2453
50	0.008970	0.000000	0.000000	0.008153	0.000000	0.000000	12263	2453
51	0.001712	0.000000	0.000000	0.000000	0.000000	0.025641	12263	2453
52	0.000652	0.000000	0.000000	0.000408	0.000000	0.076923	12263	2453
53	0.000082	0.000000	0.000000	0.000000	0.000000	0.000000	12263	2453
54	0.000163	0.000000	0.000000	0.002854	0.000000	0.000000	12263	2453
55	0.003670	0.000000	0.000000	0.012230	0.000000	0.000000	12263	2453
56	0.008562	0.000000	0.000000	0.000000	0.000000	0.000000	12263	2453
57	0.000163	0.000082	0.000000	0.000408	0.000000	0.000000	12263	2453
58	0.010764	0.000000	0.000000	0.004484	0.000000	0.000000	12263	2453
59	0.000000	0.000000	0.000000	0.006523	0.000000	0.000000	12263	2453
60	0.001876	0.000000	0.000000	0.004077	0.000408	0.000000	12263	2453
61	0.000000	0.000000	0.000000	0.000408	0.000000	0.000000	12263	2453
62	0.000082	0.000000	0.000000	0.000000	0.000000	0.000000	12263	2453
63	0.049580	0.000000	0.000000	0.000000	0.000000	0.026316	12263	2453
64	0.002528	0.000000	0.142857	0.000000	0.000000	0.000000	12263	2453
65	0.004648	0.000000	0.000000	0.000000	0.000000	0.026316	12263	2453
66	0.002446	0.000000	0.000000	0.000000	0.000000	0.000000	12263	2453
67	0.000245	0.000000	0.000000	0.009784	0.000000	0.000000	12263	2453
68	0.000000	0.000000	0.000000	0.002854	0.000000	0.000000	12263	2453
69	0.000163	0.000000	0.000000	0.000000	0.000000	0.026316	12263	2453
70	0.000326	0.000000	0.000000	0.029352	0.000000	0.105263	12263	2453
71	0.005464	0.000000	0.000000	0.000408	0.000000	0.000000	12263	2453
72	0.000000	0.000000	0.000000	0.000408	0.000000	0.026316	12263	2453
73	0.221235	0.000000	0.000000	0.000408	0.000000	0.000000	12263	2453
74	0.000489	0.000000	0.000000	0.006930	0.000000	0.026316	12263	2453
75	0.000326	0.000000	0.000000	0.763147	0.736241	0.000000	12263	2453
76	0.007992	0.000000	0.142857	0.000000	0.000000	0.000000	12263	2453
77	0.197260	0.000000	0.000000	0.000408	0.000000	0.000000	12263	2453
78	0.001794	0.000000	0.000000	0.011822	0.000000	0.000000	12263	2453
79	0.001305	0.000000	0.000000	0.000408	0.000000	0.000000	12263	2453
80	0.003996	0.000000	0.000000	0.000000	0.000000	0.000000	12263	2453
81	0.000000	0.000000	0.000000	0.000408	0.000000	0.000000	12263	2453
82	0.006850	0.000000	0.000000	0.009784	0.000000	0.000000	12263	2453
83	0.000734	0.000000	0.000000	0.011822	0.000000	0.000000	12263	2453
84	0.002120	0.000000	0.000000	0.000000	0.000000	0.026316	12263	2453
85	0.000979	0.000000	0.000000	0.000000	0.000000	0.000000	12263	2453
86	0.001876	0.000000	0.000000	0.072564	0.000000	0.000000	12263	2453
87	0.002365	0.000000	0.000000	0.000000	0.000000	0.026316	12263	2453
88	0.002283	0.000000	0.000000	0.020791	0.000000	0.000000	12263	2453
89	0.000245	0.000000	0.000000	0.000408	0.000000	0.000000	12263	2453
90	0.002528	0.000000	0.000000	0.009784	0.000000	0.000000	12263	2453
91	0.002446	0.000000	0.000000	0.000000	0.000000	0.000000	12263	2453
92	0.004240	0.000000	0.000000	0.000408	0.000000	0.000000	12263	2453
93	0.001794	0.000000	0.000000	0.002854	0.000000	0.054054	12263	2453
94	0.001060	0.000000	0.000000	0.000000	0.000000	0.000000	12263	2453
95	0.009296	0.000000	0.000000	0.000815	0.000000	0.027027	12263	2453
96	0.002691	0.000000	0.000000	0.000000	0.000000	0.000000	12263	2453
97	0.001386	0.000000	0.000000	0.000000	0.000000	0.000000	12263	2453
98	0.015168	0.000000	0.000000	0.000000	0.000000	0.000000	12263	2453
99	0.001794	0.000000	0.000000	0.000000	0.000000	0.000000	12263	2453
100	0.160809	0.000000	0.000000	0.000000	0.000000	0.081081	12263	2453
101	0.002446	0.000000	0.000000	0.006930	0.000000	0.000000	12263	2453
102	0.009215	0.000000	0.000000	0.000000	0.000000	0.000000	12263	2453
103	0.000652	0.000000	0.000000	0.000815	0.000000	0.000000	12263	2453
104	0.013047	0.000082	0.000000	0.066042	0.000000	0.028571	12263	2453
105	0.000408	0.000000	0.000000	0.003669	0.000000	0.028571	12263	2453
106	0.000734	0.000000	0.000000	0.010192	0.000000	0.000000	12263	2453
107	0.012150	0.000000	0.000000	0.000000	0.000000	0.029412	12263	2453
108	0.006442	0.000000	0.000000	0.000408	0.000000	0.000000	12263	2453
109	0.002039	0.000000	0.000000	0.007338	0.000000	0.000000	12263	2453
110	0.002609	0.000000	0.000000	0.006930	0.000000	0.000000	12263	2453
111	0.001060	0.000000	0.000000	0.004484	0.000408	0.000000	12263	2453
112	0.007258	0.000000	0.142857	0.000000	0.000000	0.029412	12263	2453
113	0.010603	0.000082	0.000000	0.000000	0.000000	0.000000	12261	2453
114	0.002610	0.000000	0.000000	0.000000	0.000000	0.000000	12260	2453
115	0.001713	0.000000	0.142857	0.000815	0.000000	0.000000	12259	2453
116	0.000245	0.000000	0.000000	0.000000	0.000000	0.029412	12258	2453
117	0.265236	0.020397	0.000000	0.000408	0.000000	0.000000	12257	2453
118	0.007017	0.000000	0.000000	0.010192	0.000000	0.000000	12256	2453
119	0.001713	0.000000	0.000000	0.002854	0.000000	0.000000	12256	2453
120	0.002285	0.000082	0.000000	0.000815	0.000000	0.000000	12252	2453
121	0.002775	0.000000	0.000000	0.030982	0.000000	0.000000	12252	2453
122	0.005958	0.000000	0.000000	0.000408	0.000000	0.000000	12252	2453
123	0.001959	0.000000	0.000000	0.000000	0.000000	0.000000	12252	2453
124	0.005224	0.000000	0.000000	0.000815	0.000000	0.000000	12252	2453
125	0.016242	0.000000	0.000000	0.007338	0.000000	0.000000	12252	2453
126	0.232370	0.000000	0.000000	0.637179	0.610273	0.000000	12252	2453
127	0.005387	0.000000	0.000000	0.000815	0.000000	0.000000	12252	2453
128	0.006040	0.000000	0.000000	0.000408	0.000000	0.000000	12252	2453
129	0.000490	0.000000	0.000000	0.011822	0.000000	0.064516	12252	2453
130	0.007999	0.000000	0.000000	0.000815	0.000000	0.100000	12252	2453
131	0.004081	0.000000	0.142857	0.000000	0.000000	0.000000	12252	2453
132	0.102106	0.000000	0.000000	0.000815	0.000000	0.000000	12252	2453
133	0.001714	0.000000	0.000000	0.011007	0.000000	0.000000	12252	2453
134	0.004897	0.000000	0.000000	0.017530	0.000000	0.000000	12252	2453
135	0.017058	0.000000	0.000000	0.000000	0.000000	0.034483	12252	2453
136	0.002367	0.000000	0.000000	0.000000	0.000000	0.000000	12252	2453
137	0.005224	0.000000	0.000000	0.068080	0.000000	0.000000	12252	2453
138	0.004407	0.000000	0.000000	0.000815	0.000000	0.000000	12252	2453
139	0.003428	0.000000	0.000000	0.023237	0.000000	0.000000	12252	2453
140	0.000490	0.000000	0.000000	0.000408	0.000000	0.000000	12252	2453
141	0.002449	0.000000	0.000000	0.009784	0.000000	0.000000	12251	2453
142	0.003183	0.000000	0.000000	0.013045	0.000000	0.000000	12251	2453
143	0.003184	0.000000	0.000000	0.000000	0.000000	0.000000	12249	2453
144	0.011432	0.000000	0.000000	0.002854	0.000000	0.000000	12246	2453
145	0.010535	0.000000	0.000000	0.000000	0.000000	0.000000	12245	2453
146	0.006125	0.000000	0.000000	0.001223	0.000000	0.000000	12245	2453
147	0.001960	0.000000	0.000000	0.000408	0.000000	0.035714	12244	2453
148	0.008086	0.000000	0.000000	0.000408	0.000000	0.000000	12243	2453
149	0.098669	0.000000	0.000000	0.000408	0.000000	0.000000	12243	2453
150	0.002124	0.000000	0.000000	0.000000	0.000000	0.000000	12241	2453
151	0.004085	0.000000	0.000000	0.000000	0.000000	0.074074	12241	2453
152	0.005065	0.000000	0.000000	0.005707	0.000000	0.000000	12241	2453
153	0.014541	0.000000	0.000000	0.000000	0.000000	0.000000	12241	2453
154	0.009803	0.000000	0.000000	0.001223	0.000000	0.000000	12241	2453
155	0.044444	0.000000	0.000000	0.066857	0.000000	0.000000	12240	2453
156	0.004330	0.000000	0.000000	0.003261	0.000000	0.000000	12240	2453
157	0.007190	0.000000	0.000000	0.008561	0.000000	0.000000	12240	2453
158	0.054820	0.000000	0.000000	0.000408	0.000000	0.000000	12240	2453
159	0.008088	0.000082	0.000000	0.000815	0.000000	0.000000	12240	2453
160	0.008742	0.000000	0.000000	0.007338	0.000000	0.047619	12240	2453
161	0.066993	0.000000	0.000000	0.006933	0.000000	0.000000	12240	2452
162	0.005556	0.000000	0.142857	0.004486	0.000408	0.000000	12240	2452
163	0.014461	0.000000	0.000000	0.000000	0.000000	0.000000	12240	2452
164	0.032761	0.000000	0.000000	0.053834	0.000000	0.000000	12240	2452
165	0.003840	0.000000	0.000000	0.000000	0.000000	0.047619	12240	2452
166	0.002614	0.000000	0.000000	0.000816	0.000000	0.047619	12240	2452
167	0.002778	0.000000	0.000000	0.013051	0.000000	0.000000	12240	2452
168	0.002859	0.000000	0.000000	0.000408	0.000000	0.000000	12240	2452
169	0.008170	0.000000	0.000000	0.010604	0.000000	0.000000	12240	2452
170	0.009150	0.000000	0.000000	0.003670	0.000000	0.000000	12240	2452
171	0.002288	0.000082	0.142857	0.000816	0.000000	0.000000	12240	2452
172	0.086601	0.000000	0.000000	0.017129	0.000000	0.000000	12240	2452
173	0.001634	0.000000	0.000000	0.000816	0.000000	0.000000	12237	2452
174	0.013244	0.000000	0.000000	0.000000	0.000000	0.000000	12232	2452
175	0.001881	0.000000	0.000000	0.000816	0.000000	0.000000	12228	2452
176	0.011780	0.000000	0.000000	0.007341	0.000000	0.000000	12224	2452
177	0.008594	0.000000	0.000000	0.521615	0.494290	0.000000	12218	2452
178	0.001556	0.000000	0.000000	0.000816	0.000000	0.000000	12210	2452
179	0.038994	0.000000	0.000000	0.000408	0.000000	0.047619	12207	2452
180	0.004835	0.000000	0.000000	0.011827	0.000000	0.000000	12203	2452
181	0.116138	0.000082	0.000000	0.000408	0.000000	0.000000	12201	2452
182	0.004590	0.000000	0.000000	0.000408	0.000000	0.000000	12201	2452
183	0.006475	0.000000	0.000000	0.000816	0.000000	0.000000	12201	2452
184	0.002705	0.000000	0.000000	0.001631	0.000000	0.000000	12198	2452
185	0.013123	0.000082	0.000000	0.021224	0.000000	0.000000	12192	2450
186	0.004266	0.000000	0.000000	0.000408	0.000000	0.000000	12189	2450
187	0.035852	0.000000	0.000000	0.000816	0.000000	0.000000	12189	2450
188	0.009845	0.000000	0.000000	0.068163	0.000000	0.062500	12189	2450
189	0.027402	0.000000	0.000000	0.000817	0.000000	0.000000	12189	2449
190	0.005661	0.000000	0.000000	0.023275	0.000000	0.125000	12189	2449
191	0.001231	0.000000	0.000000	0.000408	0.000000	0.000000	12189	2449
192	0.005743	0.000082	0.000000	0.022458	0.000000	0.000000	12189	2449
