pitch_raw	compte	part
590	2	0.000018
591	2	0.000018
593	2	0.000018
596	1	0.000009
597	1	0.000009
600	1	0.000009
601	3	0.000027
602	3	0.000027
603	2	0.000018
604	1	0.000009
605	2	0.000018
606	2	0.000018
607	7	0.000062
608	3	0.000027
610	1	0.000009
612	2	0.000018
615	1	0.000009
617	1	0.000009
618	1	0.000009
621	1	0.000009
622	1	0.000009
624	1	0.000009
625	1	0.000009
626	1	0.000009
628	2	0.000018
631	1	0.000009
632	1	0.000009
633	2	0.000018
635	1	0.000009
636	1	0.000009
637	2	0.000018
639	1	0.000009
642	2	0.000018
645	1	0.000009
648	1	0.000009
650	1	0.000009
651	3	0.000027
654	1	0.000009
655	2	0.000018
657	1	0.000009
658	1	0.000009
659	3	0.000027
660	2	0.000018
661	1	0.000009
662	5	0.000044
663	3	0.000027
664	2	0.000018
667	1	0.000009
669	1	0.000009
673	1	0.000009
674	1	0.000009
678	1	0.000009
680	1	0.000009
681	2	0.000018
682	2	0.000018
683	1	0.000009
684	1	0.000009
685	1	0.000009
686	2	0.000018
687	1	0.000009
688	1	0.000009
689	1	0.000009
690	4	0.000035
692	1	0.000009
693	1	0.000009
694	1	0.000009
695	1	0.000009
697	2	0.000018
698	2	0.000018
700	3	0.000027
702	2	0.000018
703	2	0.000018
705	1	0.000009
706	3	0.000027
707	4	0.000035
709	6	0.000053
710	3	0.000027
711	5	0.000044
712	1	0.000009
713	1	0.000009
714	3	0.000027
715	2	0.000018
716	2	0.000018
717	2	0.000018
718	2	0.000018
719	2	0.000018
720	2	0.000018
721	1	0.000009
723	3	0.000027
724	1	0.000009
725	2	0.000018
726	1	0.000009
728	6	0.000053
729	3	0.000027
731	5	0.000044
732	6	0.000053
733	1	0.000009
734	1	0.000009
735	1	0.000009
736	4	0.000035
737	3	0.000027
738	7	0.000062
739	2	0.000018
740	2	0.000018
741	6	0.000053
742	4	0.000035
743	4	0.000035
744	7	0.000062
745	4	0.000035
746	3	0.000027
747	3	0.000027
748	4	0.000035
749	4	0.000035
750	4	0.000035
751	6	0.000053
752	5	0.000044
753	6	0.000053
754	5	0.000044
755	12	0.000106
756	7	0.000062
757	6	0.000053
758	13	0.000115
759	6	0.000053
760	4	0.000035
761	10	0.000088
762	14	0.000124
763	20	0.000177
764	11	0.000097
765	22	0.000195
766	19	0.000168
767	11	0.000097
768	13	0.000115
769	11	0.000097
770	11	0.000097
771	12	0.000106
772	7	0.000062
773	8	0.000071
774	8	0.000071
775	12	0.000106
776	8	0.000071
777	9	0.000080
778	9	0.000080
779	17	0.000150
780	23	0.000203
781	13	0.000115
782	10	0.000088
783	11	0.000097
784	15	0.000133
785	10	0.000088
786	15	0.000133
787	24	0.000212
788	8	0.000071
789	14	0.000124
790	29	0.000256
791	24	0.000212
792	26	0.000230
793	18	0.000159
794	12	0.000106
795	14	0.000124
796	11	0.000097
797	15	0.000133
798	15	0.000133
799	13	0.000115
800	19	0.000168
801	15	0.000133
802	19	0.000168
803	20	0.000177
804	17	0.000150
805	20	0.000177
806	11	0.000097
807	27	0.000239
808	17	0.000150
809	19	0.000168
810	5	0.000044
811	22	0.000195
812	32	0.000283
813	26	0.000230
814	10	0.000088
815	12	0.000106
816	17	0.000150
817	15	0.000133
818	17	0.000150
819	12	0.000106
820	12	0.000106
821	26	0.000230
822	17	0.000150
823	15	0.000133
824	13	0.000115
825	14	0.000124
826	13	0.000115
827	21	0.000186
828	20	0.000177
829	20	0.000177
830	25	0.000221
831	22	0.000195
832	18	0.000159
833	33	0.000292
834	30	0.000265
835	10	0.000088
836	17	0.000150
837	27	0.000239
838	26	0.000230
839	24	0.000212
840	30	0.000265
841	24	0.000212
842	40	0.000354
843	18	0.000159
844	25	0.000221
845	32	0.000283
846	33	0.000292
847	21	0.000186
848	25	0.000221
849	24	0.000212
850	25	0.000221
851	21	0.000186
852	19	0.000168
853	38	0.000336
854	30	0.000265
855	29	0.000256
856	28	0.000248
857	26	0.000230
858	33	0.000292
859	46	0.000407
860	35	0.000310
861	27	0.000239
862	24	0.000212
863	30	0.000265
864	33	0.000292
865	46	0.000407
866	31	0.000274
867	51	0.000451
868	45	0.000398
869	41	0.000363
870	35	0.000310
871	31	0.000274
872	37	0.000327
873	37	0.000327
874	60	0.000531
875	49	0.000433
876	59	0.000522
877	71	0.000628
878	75	0.000663
879	63	0.000557
880	65	0.000575
881	55	0.000486
882	61	0.000540
883	81	0.000716
884	52	0.000460
885	70	0.000619
886	54	0.000478
887	52	0.000460
888	67	0.000593
889	72	0.000637
890	103	0.000911
891	78	0.000690
892	108	0.000955
893	111	0.000982
894	80	0.000708
895	105	0.000929
896	87	0.000769
897	112	0.000991
898	110	0.000973
899	123	0.001088
900	109	0.000964
901	124	0.001097
902	148	0.001309
903	139	0.001229
904	158	0.001397
905	137	0.001212
906	172	0.001521
907	149	0.001318
908	134	0.001185
909	158	0.001397
910	158	0.001397
911	146	0.001291
912	149	0.001318
913	154	0.001362
914	139	0.001229
915	163	0.001442
916	182	0.001610
917	124	0.001097
918	141	0.001247
919	220	0.001946
920	172	0.001521
921	154	0.001362
922	132	0.001168
923	130	0.001150
924	149	0.001318
925	161	0.001424
926	168	0.001486
927	173	0.001530
928	123	0.001088
929	170	0.001504
930	159	0.001406
931	175	0.001548
932	199	0.001760
933	336	0.002972
934	286	0.002530
935	192	0.001698
936	221	0.001955
937	221	0.001955
938	275	0.002432
939	321	0.002839
940	317	0.002804
941	342	0.003025
942	238	0.002105
943	270	0.002388
944	294	0.002600
945	313	0.002768
946	357	0.003158
947	294	0.002600
948	321	0.002839
949	335	0.002963
950	366	0.003237
951	328	0.002901
952	365	0.003228
953	409	0.003617
954	423	0.003741
955	436	0.003856
956	426	0.003768
957	473	0.004184
958	476	0.004210
959	465	0.004113
960	540	0.004776
961	484	0.004281
962	496	0.004387
963	490	0.004334
964	606	0.005360
965	577	0.005103
966	572	0.005059
967	642	0.005678
968	669	0.005917
969	592	0.005236
970	634	0.005608
971	790	0.006987
972	734	0.006492
973	631	0.005581
974	727	0.006430
975	704	0.006227
976	770	0.006810
977	678	0.005997
978	780	0.006899
979	837	0.007403
980	849	0.007509
981	809	0.007155
982	935	0.008270
983	872	0.007713
984	902	0.007978
985	951	0.008411
986	904	0.007996
987	860	0.007606
988	871	0.007704
989	851	0.007527
990	1022	0.009039
991	920	0.008137
992	1215	0.010746
993	1169	0.010339
994	1184	0.010472
995	1026	0.009075
996	1155	0.010216
997	1281	0.011330
998	1218	0.010773
999	1159	0.010251
1000	1230	0.010879
1001	1155	0.010216
1002	1237	0.010941
1003	1297	0.011472
1004	1254	0.011091
1005	1268	0.011215
1006	1052	0.009305
1007	1135	0.010039
1008	1371	0.012126
1009	1268	0.011215
1010	1336	0.011817
1011	1334	0.011799
1012	1270	0.011233
1013	1547	0.013683
1014	1296	0.011463
1015	1202	0.010631
1016	1162	0.010278
1017	1138	0.010065
1018	1237	0.010941
1019	1325	0.011719
1020	1320	0.011675
1021	1355	0.011985
1022	1312	0.011604
1023	1232	0.010897
1024	1517	0.013417
1025	1085	0.009597
1026	1009	0.008924
1027	830	0.007341
1028	874	0.007730
1029	764	0.006757
1030	714	0.006315
1031	662	0.005855
1032	698	0.006174
1033	713	0.006306
1034	631	0.005581
1035	584	0.005165
1036	667	0.005899
1037	711	0.006289
1038	602	0.005325
1039	562	0.004971
1040	547	0.004838
1041	554	0.004900
1042	613	0.005422
1043	615	0.005439
1044	442	0.003909
1045	564	0.004988
1046	467	0.004130
1047	417	0.003688
1048	395	0.003494
1049	365	0.003228
1050	364	0.003219
1051	387	0.003423
1052	342	0.003025
1053	347	0.003069
1054	422	0.003732
1055	290	0.002565
1056	282	0.002494
1057	295	0.002609
1058	268	0.002370
1059	256	0.002264
1060	282	0.002494
1061	237	0.002096
1062	217	0.001919
1063	225	0.001990
1064	214	0.001893
1065	274	0.002423
1066	248	0.002193
1067	249	0.002202
1068	223	0.001972
1069	217	0.001919
1070	194	0.001716
1071	195	0.001725
1072	203	0.001795
1073	190	0.001680
1074	211	0.001866
1075	201	0.001778
1076	183	0.001619
1077	206	0.001822
1078	209	0.001849
1079	245	0.002167
1080	152	0.001344
1081	149	0.001318
1082	151	0.001336
1083	152	0.001344
1084	156	0.001380
1085	136	0.001203
1086	101	0.000893
1087	145	0.001282
1088	151	0.001336
1089	129	0.001141
1090	148	0.001309
1091	130	0.001150
1092	127	0.001123
1093	121	0.001070
1094	134	0.001185
1095	87	0.000769
1096	100	0.000884
1097	94	0.000831
1098	82	0.000725
1099	69	0.000610
1100	66	0.000584
1101	94	0.000831
1102	73	0.000646
1103	61	0.000540
1104	71	0.000628
1105	42	0.000371
1106	73	0.000646
1107	66	0.000584
1108	42	0.000371
1109	33	0.000292
1110	35	0.000310
1111	25	0.000221
1112	29	0.000256
1113	30	0.000265
1114	36	0.000318
1115	40	0.000354
1116	34	0.000301
1117	36	0.000318
1118	16	0.000142
1119	29	0.000256
1120	23	0.000203
1121	33	0.000292
1122	22	0.000195
1123	30	0.000265
1124	32	0.000283
1125	22	0.000195
1126	37	0.000327
1127	28	0.000248
1128	24	0.000212
1129	25	0.000221
1130	35	0.000310
1131	19	0.000168
1132	31	0.000274
1133	27	0.000239
1134	26	0.000230
1135	19	0.000168
1136	23	0.000203
1137	45	0.000398
1138	17	0.000150
1139	29	0.000256
1140	21	0.000186
1141	20	0.000177
1142	16	0.000142
1143	17	0.000150
1144	15	0.000133
1145	16	0.000142
1146	14	0.000124
1147	12	0.000106
1148	20	0.000177
1149	20	0.000177
1150	16	0.000142
1151	20	0.000177
1152	17	0.000150
1153	20	0.000177
1154	12	0.000106
1155	14	0.000124
1156	23	0.000203
1157	12	0.000106
1158	16	0.000142
1159	24	0.000212
1160	22	0.000195
1161	17	0.000150
1162	16	0.000142
1163	16	0.000142
1164	12	0.000106
1165	13	0.000115
1166	18	0.000159
1167	17	0.000150
1168	22	0.000195
1169	16	0.000142
1170	14	0.000124
1171	15	0.000133
1172	15	0.000133
1173	12	0.000106
1174	15	0.000133
1175	16	0.000142
1176	18	0.000159
1177	8	0.000071
1178	11	0.000097
1179	4	0.000035
1180	10	0.000088
1181	10	0.000088
1182	5	0.000044
1183	26	0.000230
1184	12	0.000106
1185	16	0.000142
1186	13	0.000115
1187	13	0.000115
1188	16	0.000142
1189	10	0.000088
1190	16	0.000142
1191	6	0.000053
1192	15	0.000133
1193	12	0.000106
1194	9	0.000080
1195	8	0.000071
1196	7	0.000062
1197	3	0.000027
1198	13	0.000115
1199	10	0.000088
1200	9	0.000080
1201	4	0.000035
1202	13	0.000115
1203	4	0.000035
1204	10	0.000088
1205	6	0.000053
1206	3	0.000027
1207	4	0.000035
1208	13	0.000115
1209	10	0.000088
1210	13	0.000115
1211	8	0.000071
1212	8	0.000071
1213	5	0.000044
1214	12	0.000106
1215	8	0.000071
1216	4	0.000035
1217	7	0.000062
1218	1	0.000009
1219	8	0.000071
1221	4	0.000035
1222	5	0.000044
1223	4	0.000035
1224	1	0.000009
1225	4	0.000035
1226	3	0.000027
1227	4	0.000035
1228	6	0.000053
1229	9	0.000080
1230	5	0.000044
1231	1	0.000009
1232	2	0.000018
1233	6	0.000053
1234	7	0.000062
1235	19	0.000168
1236	12	0.000106
1237	7	0.000062
1238	2	0.000018
1239	6	0.000053
1240	8	0.000071
1241	3	0.000027
1242	4	0.000035
1243	6	0.000053
1244	13	0.000115
1245	4	0.000035
1246	7	0.000062
1247	4	0.000035
1248	6	0.000053
1249	3	0.000027
1250	8	0.000071
1251	10	0.000088
1252	1	0.000009
1253	4	0.000035
1254	2	0.000018
1255	7	0.000062
1256	7	0.000062
1257	2	0.000018
1258	4	0.000035
1259	5	0.000044
1260	6	0.000053
1261	5	0.000044
1262	2	0.000018
1263	1	0.000009
1264	3	0.000027
1265	4	0.000035
1266	6	0.000053
1267	2	0.000018
1268	1	0.000009
1269	1	0.000009
1270	1	0.000009
1271	3	0.000027
1272	2	0.000018
1273	3	0.000027
1274	6	0.000053
1276	2	0.000018
1277	6	0.000053
1278	3	0.000027
1279	2	0.000018
1280	4	0.000035
1281	3	0.000027
1282	2	0.000018
1283	7	0.000062
1284	5	0.000044
1285	3	0.000027
1286	2	0.000018
1287	7	0.000062
1288	2	0.000018
1289	1	0.000009
1290	1	0.000009
1291	6	0.000053
1292	3	0.000027
1293	2	0.000018
1294	17	0.000150
1295	1	0.000009
1296	2	0.000018
1297	9	0.000080
1298	2	0.000018
1299	3	0.000027
1300	2	0.000018
1301	2	0.000018
1304	1	0.000009
1305	1	0.000009
1306	2	0.000018
1308	1	0.000009
1309	1	0.000009
1310	2	0.000018
1312	2	0.000018
1313	2	0.000018
1314	3	0.000027
1315	2	0.000018
1316	3	0.000027
1317	2	0.000018
1318	6	0.000053
1319	10	0.000088
1322	1	0.000009
1324	1	0.000009
1326	1	0.000009
1328	1	0.000009
1330	1	0.000009
1333	1	0.000009
1335	1	0.000009
1338	1	0.000009
1347	1	0.000009
1348	1	0.000009
1354	1	0.000009
1361	1	0.000009
1367	1	0.000009
1373	1	0.000009
1378	1	0.000009
1381	1	0.000009
1390	1	0.000009
1400	1	0.000009
1404	1	0.000009
1410	1	0.000009
1417	1	0.000009
1422	1	0.000009
1426	1	0.000009
1430	1	0.000009
1433	1	0.000009
1440	1	0.000009
1446	1	0.000009
1448	1	0.000009
1452	1	0.000009
1457	1	0.000009
1458	1	0.000009
1461	1	0.000009
1466	1	0.000009
1473	1	0.000009
1478	1	0.000009
1479	1	0.000009
1481	1	0.000009
1483	1	0.000009
1485	1	0.000009
1487	1	0.000009
1488	1	0.000009
1490	2	0.000018
