type_id,groupes_atteignables
-2145450599,bloc
-2143765828,bloc
-2142835366,bloc
-2137591871,bloc
-2137189496,bloc
-2133343490,bloc
-2133138017,bloc
-2131516968,bloc
-2128852445,bloc
-2128216670,bloc
-2127492930,bloc
-2121320675,bloc
-2120187886,bloc
-2117147007,bloc
-2109845990,weap
-2107956927,bloc
-2103759814,bloc
-2103386558,bloc
-2103231105,bloc
-2102390651,bloc
-2100852970,bloc
-2099489993,bloc
-2095885886,bloc
-2093265946,bloc
-2092865719,bloc
-2092727255,bloc
-2092644165,bloc
-2089225903,bloc
-2088317090,weap
-2083526830,bloc
-2079373050,bloc
-2079241668,bloc
-2079069766,bloc
-2073603947,bloc
-2072071754,bloc
-2066994573,bloc
-2064649151,bloc
-2060255553,bloc
-2059017012,bloc
-2054540164,bloc
-2049266511,bloc
-2048057069,bloc
-2043464716,weap
-2039201014,bloc
-2038184581,bloc
-2034457539,bloc
-2031940072,mach
-2030814116,bloc
-2030691315,bloc
-2029567811,bloc
-2028942153,bloc
-2028442082,bloc
-2028031834,bloc
-2018250099,bloc
-2016403127,bloc
-2011335511,bloc
-2005024110,bloc
-2004832577,bloc
-1986275633,bloc
-1983915860,bloc
-1983879711,bloc
-1979502216,bloc
-1978269215,bloc
-1977317657,bloc
-1976922283,bloc
-1974152881,bloc
-1968272113,bloc
-1966393110,bloc
-1965427973,bloc
-1963622591,bloc
-1956939664,bloc
-1956014341,bloc
-1953520394,bloc
-1951376602,bloc
-1946976191,bloc
-1942702118,bloc
-1937170314,bloc
-1934472720,bloc
-1931847197,bloc
-1930256747,bloc
-1929959275,weap
-1927885221,bloc
-1926837483,bloc
-1925589079,bloc
-1924265246,bloc
-1922196237,bloc
-1917774215,bloc
-1913952371,bloc
-1913644661,bloc
-1909914527,bloc
-1886308403,bloc
-1881784099,bloc
-1878826386,bloc
-1877030675,bloc
-1872690466,bloc
-1871341093,bloc
-1863913332,bloc
-1862760598,bloc
-1855181776,bloc
-1854501518,weap
-1854092857,bloc
-1844206092,bloc
-1843159215,bloc
-1838788030,bloc
-1838502611,bloc
-1835432896,bloc
-1825803927,vehi
-1822179569,bloc
-1819059511,bloc
-1814880870,bloc
-1814670706,bloc
-1809510764,bloc
-1809350395,bloc
-1807546999,bloc
-1804795714,bloc
-1804750612,bloc
-1802979854,bloc
-1793949895,bloc
-1789041313,bloc
-1788087682,bloc
-1787638182,bloc
-1786323650,bloc
-1781377232,weap
-1779038656,bloc
-1778719387,bloc
-1776078435,bloc
-1772266254,bloc
-1769603043,bloc
-1767551077,bloc
-1765693041,bloc
-1763052719,bloc
-1755375476,bloc
-1753223075,bloc
-1751270658,scen
-1751154772,vehi
-1743679416,bloc
-1739694767,bloc
-1734475997,bloc
-1729719259,bloc
-1729189629,bloc
-1722685555,bloc
-1718495603,vehi
-1717689578,bloc
-1714906009,bloc
-1711743473,bloc
-1709550829,bloc
-1706843890,bloc
-1705963242,bloc
-1701791756,bloc
-1699174246,bloc
-1697424621,bloc
-1693312870,bloc
-1693281964,bloc
-1685497117,bloc
-1682058038,bloc
-1679082155,bloc
-1678436540,bloc
-1668138847,bloc
-1664225091,bloc
-1661170890,bloc
-1658217552,bloc
-1657469818,weap
-1656690369,bloc
-1653975283,bloc
-1647107999,bloc
-1646430977,bloc
-1640953628,mach
-1634935313,bloc
-1633160588,bloc
-1632544064,bloc
-1629592054,bloc
-1624498794,bloc
-1624245739,bloc
-1622254090,bloc
-1621053953,bloc
-1616181373,bloc
-1610895870,bloc
-1610010625,bloc
-1607963715,bloc
-1603607910,bloc
-1600190957,bloc
-1599682496,bloc
-1598584170,bloc
-1596006122,bloc
-1595945306,bloc
-1593911954,bloc
-1593549433,bloc
-1590149280,bloc
-1589289669,bloc
-1586619184,bloc
-1581337304,bloc
-1580981655,bloc
-1580181811,bloc
-1578193710,bloc
-1576315425,scen
-1575790870,bloc
-1574092891,bloc
-1571456834,bloc
-1570991682,bloc
-1568226704,bloc
-1566697228,bloc
-1565231419,bloc
-1560368478,bloc
-1559524585,bloc
-1554213874,bloc
-1554062464,bloc
-1551314345,bloc
-1550592518,bloc
-1546771230,bloc
-1544981056,bloc
-1542987927,bloc
-1542724383,bloc
-1541345848,bloc
-1538223866,bloc
-1536880685,bloc
-1536841963,bloc
-1534056042,bloc
-1533712400,bloc
-1533673853,scen
-1531765676,bloc
-1531733007,bloc
-1530110037,bloc
-1528748316,bloc
-1527884563,bloc
-1525038282,bloc
-1524677849,bloc
-1522591343,bloc
-1522057648,bloc
-1515106449,bloc
-1514901111,bloc
-1513962159,bloc
-1509539713,bloc
-1508562546,bloc
-1501399034,bloc
-1484112608,bloc
-1483221952,bloc
-1483049431,bloc
-1482624315,bloc
-1479214964,bloc
-1477909429,
-1477845888,bloc
-1477289360,bloc
-1476457415,bloc
-1475912321,bloc
-1470488868,bloc
-1467833334,bloc
-1467259218,bloc
-1463438133,bloc
-1461734734,bloc
-1459663496,bloc
-1457804681,bloc
-1455090107,bloc
-1446228909,bloc
-1445440002,bloc
-1441483717,bloc
-1439422134,bloc
-1436517628,bloc
-1433860927,bloc
-1432879801,bloc
-1430101324,mach
-1429124637,bloc
-1428715228,bloc
-1428538952,bloc
-1425628693,bloc
-1424193718,bloc
-1423679509,bloc
-1422631181,bloc
-1422001974,bloc
-1418584172,bloc
-1418057158,bloc
-1412975978,bloc
-1409453888,bloc
-1408077537,scen
-1406067562,bloc
-1404265577,bloc
-1400519942,bloc
-1399929669,bloc
-1395561401,bloc
-1394894895,bloc
-1390333281,bloc
-1389537363,bloc
-1389346743,bloc
-1387856760,bloc
-1385032404,bloc
-1382201964,bloc
-1381857670,bloc
-1379991988,bloc
-1379722909,bloc
-1379449453,bloc
-1379184330,bloc
-1376852264,mach
-1376531898,bloc
-1375229795,bloc
-1374859934,bloc
-1373672453,bloc
-1372913198,bloc
-1368584665,bloc
-1362694062,vehi
-1362288785,bloc
-1361077008,bloc
-1353587005,bloc
-1348516151,bloc
-1344747203,bloc
-1343734916,bloc
-1342734883,bloc
-1336663490,bloc
-1336095237,eqip
-1335452897,bloc
-1333589694,bloc
-1332366101,bloc
-1326245352,bloc
-1319953585,bloc
-1310595169,bloc
-1307733966,bloc
-1302623632,bloc
-1301727892,bloc
-1298029983,bloc
-1296527172,bloc
-1294229133,bloc
-1294066737,bloc
-1293668882,bloc
-1293145628,bloc
-1288037996,bloc
-1285736482,bloc
-1284262933,bloc
-1280545205,weap
-1276771669,bloc
-1276185427,bloc
-1270946132,bloc
-1268715339,bloc
-1268230125,bloc
-1267055777,bloc
-1266228946,bloc
-1265563232,bloc
-1263533763,bloc
-1262231945,mach
-1262041651,bloc
-1254749247,bloc
-1254419856,bloc
-1246994527,bloc
-1246665029,bloc
-1244774912,bloc
-1243139546,bloc
-1241957150,bloc
-1238870389,bloc
-1233554098,bloc
-1233334378,weap
-1233115690,mach
-1231395959,bloc
-1229268459,bloc
-1224354564,bloc
-1220040446,bloc
-1217449053,bloc
-1216174513,bloc
-1215005047,bloc
-1214088543,bloc
-1213571076,bloc
-1210699271,bloc
-1206641528,bloc
-1200356126,bloc
-1199840430,bloc
-1199633408,bloc
-1198654565,bloc
-1197972784,bloc
-1197297166,bloc
-1195911236,bloc
-1190828000,bloc
-1189623763,bloc
-1185462116,bloc
-1185205223,bloc
-1177724310,bloc
-1176452125,bloc
-1176055843,bloc
-1174468547,bloc
-1171188329,bloc
-1168178900,bloc
-1167711532,bloc
-1166604059,bloc
-1162102626,bloc
-1160144719,bloc
-1155606257,scen
-1154017124,bloc
-1153643042,bloc
-1153367051,bloc
-1143152298,bloc
-1141819841,bloc
-1140309536,bloc
-1139755994,bloc
-1137520810,bloc
-1136624030,bloc
-1135268937,bloc
-1134149153,bloc
-1125003349,bloc
-1116686113,bloc
-1108230827,bloc
-1103034141,bloc
-1094046084,bloc
-1091998573,bloc
-1089971591,bloc
-1085994458,bloc
-1079449719,bloc
-1078695494,bloc
-1076944025,bloc
-1076429309,bloc
-1075386107,bloc
-1072185040,bloc
-1062039679,bloc
-1060199956,bloc
-1058146113,bloc
-1045090467,bloc
-1042498405,bloc
-1039364538,bloc
-1038479746,bloc
-1030104102,bloc
-1026591636,bloc
-1022221022,weap
-1020495528,bloc
-1019954754,bloc
-1019570325,bloc
-1015901077,bloc
-1014435458,bloc
-1013970864,bloc
-1008738809,bloc
-1000295201,bloc
-988921972,bloc
-984668480,bloc
-983151539,bloc
-979944560,bloc
-973614490,bloc
-972969038,bloc
-966446051,bloc
-962364181,bloc
-960803919,bloc
-960331706,bloc
-959850993,bloc
-958044517,bloc
-956199155,bloc
-955729063,bloc
-954454012,bloc
-952468892,bloc
-947456082,bloc
-945116642,bloc
-937500356,bloc
-936420252,bloc
-935312532,bloc
-932502069,bloc
-925343768,bloc
-924850999,bloc
-909978070,bloc
-906277153,bloc
-906033151,bloc
-905049666,bloc
-899443081,bloc
-894078971,bloc
-887750500,bloc
-886969197,bloc
-885874693,bloc
-884401872,bloc
-884163159,bloc
-878477843,bloc
-878042986,bloc
-877512201,mach
-873480580,bloc
-872665200,bloc
-871855174,bloc
-871828743,bloc
-871470067,bloc
-870843776,vehi
-864616770,bloc
-856427697,bloc
-855787963,bloc
-847195141,bloc
-844955619,weap
-844767646,bloc
-841557003,bloc
-838595300,bloc
-834091054,bloc
-832173783,bloc
-827574048,bloc
-827242762,bloc
-824866137,bloc
-823819131,bloc
-815035409,bloc
-813309069,bloc
-811265781,bloc
-809878135,bloc
-809132303,bloc
-802845598,bloc
-801238487,bloc
-800122193,bloc
-799173690,bloc
-799007711,bloc
-797289340,bloc
-795527550,bloc
-795273762,bloc
-792973107,bloc
-792752403,bloc
-786160843,bloc
-785603257,bloc
-784231167,bloc
-780535197,bloc
-772827928,bloc
-771557571,bloc
-769693198,bloc
-768127056,bloc
-764178783,bloc
-759040399,bloc
-758876644,bloc
-758649770,bloc
-758540775,weap
-755969645,bloc
-754711308,bloc
-742193113,bloc
-737904837,bloc
-737456654,bloc
-736909390,bloc
-732424716,bloc
-729653836,bloc
-728506015,bloc
-725006759,bloc
-724052172,bloc
-722308271,bloc
-716539956,bloc
-714550662,bloc
-702764087,bloc
-701214191,bloc
-698520056,bloc
-697581275,bloc
-697090925,bloc
-696190206,scen
-689909916,bloc
-689110961,bloc
-686604533,bloc
-683238530,bloc
-682096080,bloc
-679471545,bloc
-673819998,bloc
-672531619,bloc
-671124120,bloc
-666903105,bloc
-665722556,bloc
-665238436,bloc
-662742038,
-662225735,bloc
-660642893,bloc
-658815076,bloc
-658254618,bloc
-652517526,bloc
-647601383,bloc
-644420137,bloc
-639805428,bloc
-638078883,bloc
-637514588,bloc
-635618692,bloc
-631162232,bloc
-628702557,bloc
-627746686,bloc
-623124596,bloc
-621870361,bloc|weap
-616442809,bloc
-614479068,bloc
-614029072,bloc
-612639225,bloc
-611906903,bloc
-608923979,bloc
-608096869,bloc
-599379455,bloc
-598928316,bloc
-598675151,bloc
-597807866,bloc
-591989566,bloc
-588839424,bloc
-588415057,bloc
-582448311,mach
-579761870,bloc
-577896897,bloc
-575890630,bloc
-573321004,bloc
-571550801,bloc
-567609013,weap
-565401878,bloc
-565172488,bloc
-564844169,bloc
-563791969,bloc
-561602639,bloc
-559563775,bloc
-559425811,bloc
-558231292,bloc
-557583667,bloc
-557275215,bloc
-554642883,bloc
-548554634,bloc
-548445194,bloc
-547831186,bloc
-539718920,
-531530003,bloc
-530521134,bloc
-522135259,vehi
-519215077,bloc
-518479874,bloc
-515338164,
-514099966,bloc
-512075585,bloc
-508752201,mach
-506694472,bloc
-506324578,bloc
-501192335,bloc
-499246483,bloc
-497476658,bloc
-490169562,bloc
-486508423,bloc
-485001496,bloc
-483618691,bloc
-482547132,bloc
-471372755,bloc
-467576609,mach
-467387898,bloc
-467276164,bloc
-464008717,bloc
-457712308,bloc
-457598994,bloc
-454569693,
-453665744,bloc
-451667853,bloc
-450394949,bloc
-447480679,bloc
-447439954,bloc
-446137873,bloc
-427567634,bloc
-425933955,bloc
-425303348,bloc
-420270657,bloc
-418627567,bloc
-417418280,bloc
-416461967,bloc
-411298947,bloc
-410570160,bloc
-410335243,bloc
-405183715,bloc
-403512679,bloc
-400292641,bloc
-400055490,bloc
-397671536,bloc
-396754451,bloc
-394843946,bloc
-381729683,bloc
-380482888,bloc
-379997344,bloc
-371863227,bloc
-370548665,bloc
-362100439,bloc
-361590128,bloc
-361555940,scen
-360395851,bloc
-353192367,bloc
-352085645,bloc
-348792062,bloc
-348122429,bloc
-341801782,bloc
-340615357,bloc
-336551370,bloc
-335331235,bloc
-330440355,bloc
-322346632,bloc
-321529155,bloc
-319219211,bloc
-319095573,bloc
-319001155,bloc
-318896539,bloc
-317694161,bloc
-314132422,bloc
-304926748,bloc
-294928196,bloc
-290473601,bloc
-284129658,bloc
-280090707,bloc
-275634364,weap
-269997588,bloc
-269578988,vehi
-267109549,bloc
-263887254,bloc
-263721736,bloc
-263669555,bloc
-262750720,vehi
-260785550,bloc
-255902892,bloc
-251257751,bloc
-251228686,
-249584045,bloc
-249534956,bloc
-248411126,bloc
-247939846,bloc
-247884359,bloc
-245395772,bloc
-237488185,bloc
-234187719,bloc
-230028072,bloc
-224760473,bloc
-223934709,bloc
-221326530,bloc
-220696125,bloc
-211678579,bloc
-209134364,bloc
-207144282,bloc
-204435982,bloc
-196559985,bloc
-195779907,bloc
-194975118,bloc
-191674833,bloc
-189342016,bloc
-189279896,bloc
-188587954,vehi
-183886613,bloc
-173471027,bloc
-173177076,bloc|scen
-168835536,bloc
-159531532,bloc
-158806131,bloc
-157703089,bloc
-153654352,bloc
-152113334,bloc
-149764982,bloc
-149079534,bloc
-147813598,bloc
-146692457,bloc
-142862479,bloc
-139411755,bloc
-128711788,bloc
-118718946,bloc
-114147142,
-113703634,eqip
-111265501,bloc
-106979345,bloc
-106756406,bloc
-105823600,vehi
-103790086,bloc
-103024917,bloc
-99308245,bloc
-97202564,bloc
-91784395,bloc
-90037795,bloc
-89276352,bloc
-86473222,bloc
-85473346,bloc
-84941531,bloc
-84498782,bloc
-80546392,bloc
-77079090,bloc
-74922723,bloc
-73067154,bloc
-70858199,bloc
-67333374,mach
-67141707,bloc
-63550212,bloc
-61931010,bloc
-61519986,bloc
-59533432,bloc
-59092580,bloc
-58708148,bloc
-52133979,bloc
-49979320,bloc
-49413499,bloc
-45825338,bloc
-43928113,bloc
-43520149,bloc
-41069292,bloc
-40194847,bloc
-37188250,bloc
-36577616,bloc
-34454568,bloc
-27112203,bloc
-26569928,bloc
-25855440,bloc
-24584446,bloc
-20854932,bloc
-19381818,bloc
-18964910,bloc
-17537832,bloc
-16115692,bloc
-14618672,bloc
-12189487,bloc
-7243787,scen
-4354675,bloc
-494552,bloc
-208562,bloc
10522250,bloc
11528644,bloc
13108505,bloc
15900550,bloc
18911395,bloc
26955389,bloc
27445304,bloc
29284719,bloc
32433901,bloc
35517982,bloc
43409164,bloc
44613514,bloc
45240733,bloc
51378384,bloc
53527778,bloc
55315362,bloc
55656354,bloc
57604546,bloc
60013899,bloc
60452899,vehi
61467121,bloc
62642658,bloc
67116532,bloc
69500485,bloc
72592504,bloc
76192696,bloc
77406519,bloc
78624791,bloc
79128260,bloc
80415170,bloc
81540265,bloc
83469709,vehi
95146865,scen
97389152,bloc
98683825,bloc
100204590,bloc
101094355,bloc
101629996,bloc
103845476,bloc
104888214,bloc
105375370,bloc
107509731,bloc
118005238,
126867099,
128368413,bloc
129049914,bloc
134001710,bloc
136883186,bloc
144764961,bloc
153424214,bloc
155710515,bloc
157770336,bloc
157773966,bloc
161282358,bloc
161400328,bloc
168858749,bloc
169934822,bloc
174850678,bloc
176191380,bloc
181325900,bloc
183586692,bloc
186721756,bloc
195775167,bloc
199265464,vehi
201659451,bloc
208003835,bloc
209250586,bloc
212148199,bloc
215286960,bloc
222107335,bloc
223968593,bloc
227770528,bloc
230300676,bloc
234368829,bloc
240189424,bloc
249120186,bloc
249501141,bloc
252201636,bloc
252945299,bloc
253727975,bloc
256848710,bloc
260764033,bloc
263752497,bloc
266414978,bloc
266986134,bloc
267709012,bloc
272475883,bloc
272492850,bloc
275039557,bloc
276720615,bloc
278063705,bloc
278085573,bloc
283629306,bloc
286176533,bloc
288063728,bloc
298581842,scen
303543302,bloc
304568000,bloc
304921652,bloc
305918725,bloc
306231068,bloc
310710685,bloc
318687753,bloc
320048912,bloc
322212374,bloc
322331906,bloc
324863797,bloc
325380620,bloc
330109517,bloc
332167615,bloc
339083447,bloc
340209025,bloc
343968936,bloc
345223914,bloc
355942414,bloc
357637473,bloc
361417665,weap
361582488,bloc
363315931,bloc
364877620,bloc
365968686,bloc
368654796,bloc
369425331,bloc
370473242,bloc
377337736,bloc
380410325,bloc
380605324,bloc
382043438,bloc
383493472,bloc
385405457,bloc
388597365,bloc
389561087,bloc
395625988,bloc
404331836,bloc
406097166,bloc
408676252,bloc
414737273,bloc
417146117,bloc
422398471,scen
427128330,bloc
433415102,bloc
434341535,bloc
437791545,bloc
441583105,bloc
443142438,bloc
445225109,bloc
449620315,bloc
451624981,bloc
461807395,weap
463717734,bloc
463893312,bloc
465292605,bloc
468997533,bloc
469262902,
471557513,bloc
474402863,bloc
475600440,eqip
478966709,bloc
481068333,bloc
488175425,
489296914,bloc
491753301,bloc
491855435,bloc
492327815,bloc
493906366,bloc
500437347,bloc
500992431,bloc
504766876,bloc
506006892,bloc
506229040,bloc
508419403,bloc
516764423,bloc
520558844,
523634536,bloc
524142540,bloc
536142106,bloc
539061844,bloc
539303286,bloc
540631147,bloc
542874107,bloc
545437041,bloc
546301620,bloc
551033226,bloc
554905819,bloc
557635593,bloc
559651169,bloc
570530744,bloc
584932456,bloc
585671082,bloc
586209564,bloc
586555322,bloc
587667485,bloc
589331469,bloc
592283351,bloc
595081952,bloc
595352945,bloc
596491061,bloc
598247865,bloc
604375006,bloc
605045097,bloc
609300738,bloc
614641389,bloc
615894936,bloc
622020449,bloc
625689052,bloc
626024360,bloc
626209526,bloc
628448986,bloc
630462697,bloc
631491360,bloc
631662778,bloc
635231024,bloc
646710049,weap
647446102,bloc
648286333,bloc
648888488,bloc
648983616,bloc
649730325,bloc
651298924,bloc
652937498,bloc
664769772,bloc
666368264,bloc
666920711,vehi
674244938,bloc
675708524,bloc
680128648,bloc
681862774,bloc
688287313,bloc
690293631,bloc
691693133,bloc
696112949,bloc
696150591,bloc
697241012,bloc
699771076,bloc
700857788,bloc
703721342,weap
704374045,bloc
707464350,bloc
707549041,bloc
710842070,bloc
715160887,bloc
721964911,bloc
727360123,bloc
728515706,bloc
729513625,bloc
730766987,bloc
732390052,weap
735510445,bloc
736764419,bloc
737091117,bloc
738376018,bloc
745984511,bloc
749094963,bloc
752040516,weap
755398028,bloc
755641155,bloc
759775548,bloc
762104862,bloc
764217989,bloc
764252543,bloc
765147319,bloc
765384929,bloc
776640986,bloc
779806612,bloc
781331912,bloc
783352080,bloc
784760410,bloc
785124500,bloc
787133651,bloc
788851087,bloc
789136891,bloc
790698787,bloc
791345245,bloc
792418577,bloc
793368941,bloc
795814220,bloc
796754322,bloc
800321923,bloc
800634666,bloc
803074002,bloc
812102300,bloc
812644730,bloc
819700756,bloc
822456994,bloc
825511813,bloc
830462689,bloc
830495046,bloc
836453594,bloc
836904696,bloc
837851520,bloc
841874352,bloc
848694842,mach
849552049,bloc
850884602,bloc
851468451,bloc
854311379,weap
858132180,bloc
859237410,bloc
868265716,bloc
871087208,bloc
872360587,bloc
873158545,bloc
877335626,bloc
879311247,weap
886051836,bloc
889953861,bloc
892184937,bloc
892365399,bloc
892834596,bloc
894123655,bloc
896710904,bloc
898691168,bloc
902995208,bloc
904339231,bloc
906312408,bloc
908393824,bloc
915738895,bloc
916671602,bloc
917772823,bloc
921904537,bloc
925775553,bloc
933782692,bloc
933791967,bloc
937132837,scen
939802700,bloc
947954639,bloc
949417702,bloc
953503801,bloc
953531472,bloc
959658482,bloc
960346775,bloc
960472919,bloc
965071211,bloc
970314357,bloc
970316359,bloc
974988605,bloc
977304953,bloc
980355903,bloc
981739802,bloc
988915519,bloc
989977655,bloc
990329545,bloc
990822374,bloc
991877797,bloc
992140588,bloc
992350495,bloc
1003194703,bloc
1003332573,bloc
1006238451,bloc|scen
1008197921,bloc
1013202573,bloc
1015036920,bloc
1017712650,bloc
1020008154,bloc
1020094146,bloc
1023722862,bloc
1025007144,bloc
1029447838,bloc
1037730083,bloc
1040169826,bloc
1047093426,bloc
1047520077,bloc
1047722046,bloc
1048043564,bloc
1048266527,bloc
1048269080,bloc
1048278191,bloc
1052698772,bloc
1057087770,bloc
1058788467,bloc
1061131721,bloc
1064263013,bloc
1064662203,bloc
1067908345,bloc
1070401816,bloc
1070451058,bloc
1073062991,bloc
1074286548,bloc
1074479142,bloc
1074572694,bloc
1075788544,bloc
1080636816,bloc
1081641998,bloc
1087035505,bloc
1088075689,bloc
1092140526,bloc
1098097045,bloc
1098301918,bloc
1100028612,bloc
1101014104,bloc
1101642732,bloc
1102092500,bloc
1103502387,bloc
1111857025,bloc
1119373456,bloc
1121997663,scen
1129610856,weap
1133144079,vehi
1134333856,bloc
1135978561,bloc
1137972971,bloc
1141287402,bloc
1141889298,bloc
1143017283,bloc
1148559722,bloc
1150132444,bloc
1150542342,bloc
1150919065,bloc
1154362337,bloc
1157242225,bloc
1159431219,bloc
1163992209,bloc
1164792644,bloc
1168129635,bloc
1168502040,bloc
1170274662,bloc
1170476090,bloc
1171791424,bloc
1173466296,bloc
1173810012,bloc
1174986318,bloc
1175500974,mach
1176787669,bloc
1180513176,bloc
1182262703,bloc
1184255153,bloc
1184267755,bloc
1188082431,bloc
1188803818,bloc
1189394738,bloc
1189747031,bloc
1191635031,bloc
1192354276,bloc
1192970141,bloc
1193558886,bloc
1201751719,bloc
1208611533,bloc
1209018908,bloc
1212219746,bloc
1212364087,bloc
1212824627,bloc
1219126943,bloc
1222268081,bloc
1224198617,bloc
1233058388,bloc
1237302024,bloc
1244902926,bloc
1246723723,bloc
1248262615,bloc
1249401402,bloc
1249429617,bloc
1250189495,bloc
1251515402,bloc
1254457242,bloc
1255341472,bloc
1256258313,bloc
1257925747,bloc
1261188971,bloc
1269559998,bloc
1280228573,bloc
1281755576,bloc
1288492248,bloc
1291298885,bloc
1293300393,bloc
1294384524,bloc
1302622415,bloc
1302881900,bloc
1304071901,vehi
1308888558,bloc
1315185873,bloc
1315426043,bloc
1319039586,bloc
1322155892,bloc
1323296074,bloc
1324037037,bloc
1325502123,bloc
1327497590,bloc
1328803566,bloc
1331845139,bloc
1332895936,bloc
1342572598,bloc
1344776338,bloc
1346005877,bloc
1346198464,bloc
1347497524,bloc
1349213980,bloc
1354722998,bloc
1354863291,bloc
1355228975,bloc
1358501723,bloc
1359318463,bloc
1361150846,bloc
1362435656,bloc
1366480576,bloc
1367430493,bloc
1372799699,bloc
1375061790,bloc
1377394980,bloc
1380142709,bloc
1380455531,bloc
1383537765,bloc
1390366005,bloc
1397030039,bloc
1398909075,bloc
1412353944,bloc
1416644323,bloc
1434945703,bloc
1435492872,bloc
1436709533,bloc
1446507005,bloc
1447798797,mach
1451712685,bloc
1454791351,bloc
1455634076,eqip
1458126031,bloc
1459118968,bloc
1459874653,bloc
1460146008,bloc
1461903299,bloc
1464329535,bloc
1470161378,bloc
1471536073,bloc
1472515488,bloc
1474104395,bloc
1474383960,bloc
1479917222,bloc
1483088982,bloc
1487094368,bloc
1491509867,bloc
1496044122,bloc
1501228877,bloc
1501883261,bloc
1502357539,bloc
1503350133,vehi
1504213608,bloc
1514264764,bloc
1518152313,bloc
1525567567,bloc
1526043977,bloc
1526222832,bloc
1528127998,bloc
1529349723,bloc
1530698808,mach
1535507286,bloc
1535950428,bloc
1537201957,bloc
1539956497,bloc
1539963162,bloc
1545036433,bloc
1547919375,bloc
1549542379,bloc
1553385688,bloc
1553986883,bloc
1554113302,bloc
1561437000,bloc
1572738626,bloc
1573061490,bloc
1573963830,bloc
1574930411,bloc
1575871864,bloc
1575955596,bloc
1577243514,bloc
1581171901,bloc
1581648278,bloc
1582217019,bloc
1582381034,bloc
1582690303,bloc
1584160294,bloc
1585893648,mach
1588146099,bloc
1590826816,
1593117566,bloc
1594149931,bloc
1594176107,bloc
1594219664,bloc
1596726030,bloc
1597478195,mach
1598006887,mach
1598571411,bloc
1605081728,bloc
1605936690,bloc
1606981455,bloc
1607542385,bloc
1613172133,bloc
1617396517,bloc
1618136600,bloc
1622837419,bloc
1627118028,bloc
1627178319,bloc|weap
1628262238,bloc
1629623115,bloc
1630771360,bloc
1635068469,bloc
1635203824,bloc
1647671734,bloc
1648288687,bloc
1649659840,mach|scen
1655986368,bloc
1659217865,bloc
1660588673,bloc
1662288531,bloc
1662815138,bloc
1663440900,bloc
1664486679,bloc
1668509646,bloc
1674416953,bloc
1677263530,bloc
1683702270,bloc
1685703665,bloc
1686686586,bloc
1687711537,bloc
1688143539,bloc
1690350921,bloc
1691400579,bloc
1694184720,bloc
1695418688,bloc
1697274986,bloc
1697823521,bloc
1708640340,bloc
1712568625,bloc
1720205523,bloc
1726341749,bloc
1731630878,bloc
1732362992,bloc
1732400932,bloc
1747684183,bloc|scen
1752123994,ctrl
1756216113,bloc
1756493654,bloc
1759788903,bloc
1760789812,scen
1760817474,bloc
1762337708,bloc
1764940869,bloc
1765455307,bloc
1765650409,bloc
1766908201,bloc
1768944999,bloc
1771668699,bloc
1773874715,bloc
1775952448,bloc
1781063909,bloc
1785432642,bloc
1788115918,bloc
1789080723,bloc
1795129130,bloc
1804809460,bloc
1817752657,bloc
1817901986,bloc
1818458590,bloc
1834308650,bloc
1836622048,bloc
1840025885,bloc
1840184208,bloc
1846706690,bloc
1847791240,bloc
1851123315,bloc
1851417318,bloc
1860190414,bloc
1867605676,bloc
1868092241,bloc
1873654711,bloc
1875098621,scen
1877290911,bloc
1879654803,bloc
1882753647,bloc
1884721182,bloc
1889470636,bloc
1890868745,bloc
1897296924,bloc
1899734339,bloc
1902037207,bloc
1902587622,bloc
1911832926,bloc
1911987990,bloc
1912291805,bloc
1921262680,weap
1922264687,bloc
1930279518,bloc
1932427333,bloc
1933259541,bloc
1933605058,bloc
1936001334,bloc
1938661417,bloc
1941401960,bloc
1944016810,bloc
1945123434,bloc
1947532949,bloc
1947833063,bloc
1948206341,bloc
1952375295,bloc
1956545209,bloc
1956632722,bloc
1959278662,bloc
1969407375,bloc
1973855775,bloc
1974740045,bloc
1976360296,bloc
1979171534,bloc
1980827929,scen
1981931021,bloc
1982159305,bloc
1986307023,bloc
1988437591,bloc
1989569474,bloc
1990979058,mach
1992066927,bloc
1993586894,bloc
1993902058,bloc
1994460282,bloc
1996094679,bloc
2001436665,bloc
2007348554,bloc
2012352573,bloc
2014297245,bloc
2017724000,bloc
2020139986,bloc
2023521157,bloc
2025848228,bloc
2026571769,bloc
2031507976,bloc
2036077727,bloc
2036668565,bloc
2039950598,bloc
2040200938,bloc
2043217753,bloc
2043245326,bloc
2047488532,bloc
2049716768,bloc
2050581668,bloc
2050656726,bloc
2056708473,bloc
2056994036,bloc
2058692575,bloc
2062928760,bloc
2064246295,bloc
2064328120,bloc
2068056861,bloc
2068820903,bloc
2073264910,bloc
2074999540,bloc
2075366164,bloc
2075885169,bloc
2083372609,bloc
2086079497,bloc
2089216641,bloc
2091410251,bloc
2096053754,bloc
2098088261,bloc
2108082748,bloc
2110466168,bloc
2114351914,bloc
2115878081,bloc
2116962585,bloc
2119077803,bloc
2119916132,bloc
2121485129,bloc
2124707204,bloc
2125606605,bloc
2126055360,weap
2128426546,vehi
2128612671,bloc
2134553399,bloc
2135365703,bloc
2137117489,
2137530967,bloc
2138476437,bloc
2140203211,bloc
2140930404,bloc
2144269878,weap
2145126493,bloc
2146232744,bloc
-2116213658,bloc
-2087457264,bloc
-2082062547,weap
-2077048513,bloc
-2071552351,bloc
-2054522778,bloc
-2053013469,bloc
-2005920594,bloc
-1989850047,bloc
-1967873753,weap
-1954921178,bloc
-1936070028,weap
-1884862526,bloc
-1862986070,bloc
-1847450663,bloc
-1777101628,bloc
-1773436473,bloc
-1771771675,bloc
-1748422749,bloc
-1720425530,bloc
-1703525895,bloc
-1693673701,bloc
-1678458028,bloc
-1661188527,bloc
-1549263449,bloc
-1542820153,bloc
-1524305859,bloc
-1509623354,bloc
-1473540915,bloc
-1434565444,bloc
-1397333010,bloc
-1380608246,bloc
-1363959495,bloc
-1362216649,bloc
-1333008328,bloc
-1306854903,weap
-1246416088,bloc
-1238034985,bloc
-1207862562,bloc
-1084132659,weap
-1071149918,bloc
-1049491674,bloc
-1025517006,weap
-1020243019,bloc
-992508756,bloc
-972860911,bloc
-963974273,bloc
-946458431,bloc
-932348736,bloc
-920468757,bloc
-870851252,bloc
-865442976,weap
-863495419,bloc
-838168054,bloc
-837348671,bloc
-837095275,weap
-805267789,bloc
-801838505,bloc
-783726769,bloc
-755427653,weap
-749864886,bloc
-712943664,bloc
-683994261,bloc
-665783067,weap
-653883868,bloc
-640678198,bloc
-638014681,bloc
-594517571,weap
-525871705,bloc
-502822372,weap
-485155920,bloc
-435784118,bloc
-417612623,bloc
-371250839,bloc
-347428210,bloc
-341406060,bloc
-320436500,bloc
-314363317,bloc
-296094510,bloc
-295307929,bloc
-216078794,bloc
-131660950,bloc
-117770147,bloc
-95605275,bloc
-79317215,weap
-70503175,bloc
-49741301,bloc
-32087135,
-13035810,bloc
-9870893,bloc
31589202,weap
40461437,bloc
43333489,scen
77484357,bloc
90120136,bloc
96816873,bloc
96955458,bloc
140994729,bloc
161392370,bloc
176825834,bloc
197290350,weap
203860946,bloc
208178786,bloc
209024185,bloc
216539180,bloc
247948731,bloc
271068365,weap
278115714,bloc
278855388,bloc
295928660,bloc
306710288,bloc
337587656,bloc
364031000,bloc
377683120,bloc
386261628,bloc
422237097,bloc
435150296,bloc
446148324,bloc
460228957,bloc
522031504,bloc
552999244,bloc
562687045,bloc
564709152,bloc
572809319,bloc
584701786,bloc
590769305,bloc
631526139,bloc
659210529,bloc
662335534,bloc
714034883,bloc
725529687,bloc
773387958,bloc
781409625,bloc
820488105,bloc
855143119,
886119887,weap
905826440,bloc
918263689,weap
934615536,bloc
978787156,bloc
1000889541,bloc
1013071584,bloc
1014206850,weap
1025408657,bloc
1051491264,bloc
1087051719,bloc
1093384855,bloc
1101468454,bloc
1102080718,bloc
1122264810,bloc
1124365800,bloc
1129369162,bloc
1133511843,bloc
1191485666,bloc
1196134956,bloc
1210572661,bloc
1213565432,bloc
1225151943,bloc
1226306785,bloc
1237723840,bloc
1283298563,bloc
1336119112,bloc
1381956979,bloc
1435073507,bloc
1453743960,bloc
1454201110,bloc
1472845639,bloc
1512277575,bloc
1530590479,bloc
1574763282,bloc
1590861324,bloc
1610662873,weap
1621826159,bloc
1631925287,bloc
1636001508,weap
1636127529,bloc
1652061613,bloc
1655474041,bloc
1694480405,bloc
1723599199,bloc
1735469530,bloc
1739378636,bloc
1753274318,bloc
1763756021,bloc
1797350531,bloc
1807709491,bloc
1839065359,bloc
1885881032,bloc
1906347531,bloc
1914995348,bloc
1935162569,weap
1945040915,bloc
1950144611,bloc
1961505586,bloc
1965022065,bloc
1991824772,bloc
2010308716,bloc
2019687498,bloc
2041647935,bloc
2047061831,bloc
2074716577,bloc
2087351195,bloc
2105923158,bloc
2116238106,bloc
-2144639762,bloc
-2140638365,bloc
-2137739702,bloc
-2131404914,bloc
-2125044412,bloc
-2112696368,bloc
-2098564338,bloc
-2096137815,bloc
-2094645197,bloc
-2087351715,bloc
-2072039978,bloc
-2067003165,bloc
-2065727303,bloc
-2052731477,bloc
-2049313603,bloc
-2040329391,bloc
-2023668048,bloc
-2019568966,bloc
-2003059415,bloc
-2002340426,bloc
-1995894181,bloc
-1993315998,bloc
-1992183403,bloc
-1976322664,bloc
-1973246387,bloc
-1970429574,bloc
-1966810992,bloc
-1966135157,bloc
-1963984590,bloc
-1952778786,bloc
-1933628756,bloc
-1917962665,bloc
-1916628732,bloc
-1907363577,bloc
-1903556466,bloc
-1888906217,bloc
-1882780586,bloc
-1879373700,bloc
-1877566342,bloc
-1871095540,bloc
-1869963762,bloc
-1868367315,bloc
-1861509018,bloc
-1859560276,bloc
-1856694841,bloc
-1849988374,bloc
-1838034818,bloc
-1831600253,bloc
-1822126879,bloc
-1813805760,bloc
-1813152991,bloc
-1811390435,bloc
-1801367478,bloc
-1790668070,bloc
-1787618278,bloc
-1778358460,bloc
-1773713570,bloc
-1768933402,bloc
-1767637754,bloc
-1762893655,bloc
-1745756843,bloc
-1741566255,bloc
-1739663041,bloc
-1737474781,bloc
-1736275100,bloc
-1718772972,bloc
-1718468643,bloc
-1714897318,bloc
-1712852608,bloc
-1711294865,bloc
-1709171520,bloc
-1706009392,bloc
-1703956126,bloc
-1699210730,bloc
-1690548391,bloc
-1678465842,bloc
-1670190794,bloc
-1669713255,bloc
-1666662463,bloc
-1665045823,bloc
-1653853598,bloc
-1643620849,bloc
-1631813081,bloc
-1627798358,bloc
-1627752623,bloc
-1619396107,bloc
-1604571555,bloc
-1604240324,bloc
-1600303503,bloc
-1599408705,bloc
-1583975637,bloc
-1578641907,bloc
-1577147684,bloc
-1576952821,bloc
-1576003847,bloc
-1573743441,bloc
-1571274308,bloc
-1564610277,bloc
-1551309004,bloc
-1545927443,bloc
-1542697954,mach
-1536593407,bloc
-1532440566,bloc
-1529003058,bloc
-1505084120,bloc
-1504577813,bloc
-1501312341,bloc
-1494490196,bloc|weap
-1492727682,bloc
-1492183712,bloc
-1478134817,bloc
-1475480049,bloc
-1473092181,bloc
-1470599993,bloc
-1462544952,bloc
-1457986597,bloc
-1449222056,bloc
-1446296355,bloc
-1446128328,bloc
-1442398229,bloc
-1441010174,bloc
-1440891342,bloc
-1426879398,bloc
-1426854046,bloc
-1426553884,bloc
-1420696296,bloc
-1420481844,bloc
-1420329173,bloc
-1419283161,bloc
-1417582158,bloc
-1391783956,bloc
-1386611038,bloc
-1380938368,bloc
-1366241994,bloc
-1346963786,bloc
-1342618612,bloc
-1342342028,bloc
-1329827127,bloc
-1320204628,bloc
-1317911060,mach
-1315914177,bloc
-1306342694,bloc
-1302862255,bloc
-1300599133,bloc
-1299318599,bloc
-1298054065,bloc
-1287062553,bloc
-1284111474,bloc
-1282898913,bloc
-1267012097,bloc
-1263086152,bloc
-1261696019,bloc
-1255622760,bloc
-1253505141,bloc
-1251061146,bloc
-1251058086,bloc
-1244356361,bloc
-1243907050,bloc
-1240345722,bloc
-1228539549,bloc
-1220152662,bloc
-1215079937,bloc
-1210852217,bloc
-1195794530,bloc
-1193689671,bloc
-1179583669,bloc
-1178823128,bloc
-1164296259,bloc
-1162239986,bloc
-1162092409,bloc
-1161836001,bloc
-1161389031,bloc
-1154796085,bloc
-1152039821,bloc
-1148505634,bloc
-1143668817,bloc
-1140837558,bloc
-1137573773,bloc
-1129428655,bloc
-1126702244,bloc
-1120954651,bloc
-1119820495,bloc
-1117152967,bloc
-1116440378,bloc
-1114371720,bloc
-1107954632,bloc
-1105826534,bloc
-1101324062,bloc
-1095285907,bloc
-1085110482,bloc
-1075741120,bloc
-1074967689,bloc
-1074529856,bloc
-1070296450,bloc
-1067204445,bloc
-1062580973,bloc
-1062552774,weap
-1058820837,bloc
-1057470732,bloc
-1055933187,bloc
-1051507839,bloc
-1047775889,bloc
-1040591389,bloc
-1032388612,bloc
-1029927331,bloc
-1022887380,bloc
-1021919483,bloc
-1018432779,bloc
-1005273882,bloc
-995428300,bloc
-991313977,bloc
-989407298,bloc
-972592705,bloc
-970666283,bloc
-968540348,bloc
-968212703,bloc
-963942518,bloc
-960554634,bloc
-957216378,bloc
-951762145,bloc
-932895381,bloc
-926310053,bloc
-918625325,bloc
-917222586,bloc
-902976173,bloc
-902390836,ctrl
-900299078,bloc
-891827892,bloc
-886493751,bloc
-869845555,bloc
-867485774,bloc
-860937874,bloc
-858408105,bloc
-853469506,bloc
-849768501,bloc
-847468689,bloc
-846939902,bloc
-844442478,bloc
-835704522,bloc
-826804385,bloc
-826269345,bloc
-810431742,bloc
-804440436,bloc
-796080400,bloc
-783778927,bloc
-782496155,bloc
-778540721,bloc
-777776255,bloc
-775875561,bloc
-775272503,bloc
-772142774,bloc
-760331540,bloc
-753898524,bloc
-753031916,bloc
-746420825,bloc
-739049358,bloc
-731762604,bloc
-731703603,bloc
-730430665,bloc
-729136846,bloc
-725281394,bloc
-721211983,bloc
-718009538,bloc
-709784473,bloc
-708974231,bloc
-701484517,bloc
-698005880,bloc
-697548738,bloc
-695072432,bloc
-692162926,bloc
-691424527,bloc
-690189383,bloc
-672304769,bloc
-664561256,bloc
-662143106,bloc
-660809723,bloc
-644173482,bloc
-642689624,bloc
-641126629,bloc
-634349675,bloc
-634235192,bloc
-632750748,bloc
-629827816,bloc
-617655837,bloc
-614278675,bloc
-614133168,bloc
-605177168,bloc
-602200096,bloc
-601657469,bloc
-599136376,bloc
-588988541,bloc
-588556372,bloc
-586629286,bloc
-586431020,bloc
-584216079,bloc
-577894883,bloc
-566547277,bloc
-565700411,bloc
-560619353,bloc
-559077370,bloc
-558889614,bloc
-549478783,bloc
-548764485,bloc
-535888671,bloc
-529749711,bloc
-528409582,bloc
-517555982,bloc
-517234322,bloc
-517138339,bloc
-515341895,bloc
-512312831,bloc
-466132372,bloc
-465209448,bloc
-457519039,bloc
-455016253,bloc
-453747500,bloc
-452915149,bloc
-446869158,bloc
-442993746,bloc
-438464349,bloc
-438435490,bloc
-433003462,bloc
-427680929,bloc
-426854799,bloc
-419185602,bloc
-412193200,bloc
-410788533,bloc
-400138457,bloc
-397876968,bloc
-397024797,bloc
-394272716,bloc
-392901116,bloc
-383320810,bloc
-378466386,bloc
-378045432,bloc
-377032452,bloc
-373809393,bloc
-362047822,bloc
-342108257,bloc
-341529668,mach
-330181023,bloc
-324375991,bloc
-306692525,bloc
-300020718,
-295994183,bloc
-292866564,bloc
-291599213,bloc
-286481088,bloc
-285623124,bloc
-273597755,bloc
-268091474,bloc
-258143455,bloc
-251206445,bloc
-244732778,bloc
-233248761,bloc
-229359031,bloc
-220644374,bloc
-218250049,bloc
-197350800,bloc
-190890843,bloc
-189526008,bloc
-188929251,bloc
-186672519,bloc
-169309065,bloc
-149558992,bloc
-147195635,bloc
-146685647,bloc
-144677235,bloc
-142452907,bloc
-141288953,bloc
-141261448,bloc
-134804194,bloc
-132676741,bloc
-128460672,bloc
-120745116,bloc
-118374344,bloc
-106437375,bloc
-102632132,bloc
-83032463,bloc
-79977010,bloc
-69406623,bloc
-68300803,bloc
-65613430,bloc
-65347396,bloc
-64143109,bloc
-62357944,bloc
-48349870,bloc
-47374247,bloc
-44469856,bloc
-33175155,bloc
-29874442,bloc
-29809561,bloc
-26179176,bloc
-16047586,bloc
-14484288,bloc
-12970258,bloc
-10756243,bloc
-3586593,bloc
-2901354,bloc
-1567793,bloc
24644858,bloc
24646342,bloc
30196566,bloc
40860618,bloc
43220537,bloc
44086673,bloc
50251886,bloc
62027017,bloc
69630335,bloc
71839812,bloc
79767035,bloc
88131037,bloc
99899283,bloc
105561694,bloc
110923180,bloc
122541670,bloc
126943831,bloc
130181798,bloc
132197456,bloc
136028543,bloc
137154715,bloc
145762196,bloc
147351495,bloc
147441414,bloc
148892029,bloc
148987030,bloc
155173109,bloc
156040274,bloc
161150265,bloc
164658352,bloc
167736681,bloc
173793551,bloc
177237589,bloc
179483038,bloc
181152528,bloc
188391070,bloc
203585573,bloc
208254979,bloc
231608991,bloc
244260171,bloc
250230204,bloc
258200680,bloc
259895814,bloc
272543426,bloc
274133904,bloc
278824062,bloc
288618517,bloc
297195703,bloc
302261060,bloc
302648224,bloc
307008624,bloc
309726199,bloc
312335728,mach
312704733,bloc
316771842,bloc
322569432,bloc
322759916,bloc
323310738,bloc
324830011,bloc
333398171,bloc
333472857,bloc
344095595,bloc
347738815,bloc
350207794,bloc
357778765,bloc
363485237,bloc
369742019,bloc
379913046,bloc
379959420,bloc
389427611,bloc
393832740,bloc
407729377,bloc
411495358,bloc
414154191,bloc
417278190,bloc
421404880,bloc
424357459,bloc
437525139,bloc
438071944,bloc
449446869,bloc
463162034,bloc
464803692,mach
473638307,bloc
483759348,bloc
485161713,bloc
488032920,bloc
488372907,bloc
492477909,bloc
496678323,bloc
497956623,bloc
503631800,bloc
510288182,bloc
513213980,bloc
517700002,bloc
523266499,bloc
523758619,bloc
530756957,bloc
533863643,bloc
535841475,bloc
536620676,bloc
537187350,bloc
542514403,bloc
546965436,bloc
554987018,bloc
560712995,bloc
562362456,bloc
563096865,bloc
578404483,bloc
587790787,bloc
590607935,bloc
597808910,bloc
601549405,bloc
603523444,bloc
606938415,bloc
622918304,bloc
624195810,bloc
628729335,bloc
633436311,bloc
639717527,mach
647795554,bloc
668419691,bloc
670822872,bloc
672283073,bloc
673034112,bloc
679650438,bloc
683517175,bloc
683692973,bloc
688715404,bloc
696809905,bloc
697575242,bloc
697896357,bloc
703364958,bloc
705184483,bloc
706918013,bloc
711955974,bloc
712648015,bloc
720172841,bloc
727666538,bloc
728572974,bloc
731035848,bloc
741572436,bloc
750886580,bloc
751870163,bloc
773197919,bloc
782185376,bloc
795139849,weap
801517767,weap
804524420,bloc
810667062,bloc
812349883,bloc
816213400,bloc
816429684,bloc
829319609,bloc
829825187,bloc
830417541,bloc
850653163,bloc
852090286,bloc
853180568,bloc
861961961,bloc
872157396,bloc
873146006,bloc
876067633,bloc
888541755,bloc
893231112,bloc
895077924,bloc
895945095,bloc
900868568,bloc
905076315,bloc
906780026,bloc
909453265,bloc
914504198,bloc
916515843,bloc
917421728,bloc
919352820,bloc
919851342,bloc
928931228,bloc
933397818,bloc
939965012,bloc
955118993,bloc
963505460,bloc
966084704,bloc
973538166,bloc
986037764,bloc
987637259,bloc
994119899,bloc
995417252,bloc
998053944,bloc
1000978784,bloc
1004559525,bloc
1005874352,bloc
1007165675,bloc
1009760614,weap
1012794313,bloc
1021541465,bloc
1027497781,bloc
1032218150,bloc
1046676894,bloc
1048384104,bloc
1061424520,bloc
1063648381,bloc
1073851953,bloc
1081587659,bloc
1088334072,bloc
1090870094,bloc
1107103856,bloc
1111753378,bloc
1118253092,bloc
1119812098,bloc
1128947810,bloc
1146383205,bloc
1147018626,bloc
1149163978,bloc
1160413432,bloc
1162311902,bloc
1169238056,bloc
1174542926,bloc
1184897444,bloc
1187842548,bloc
1191132438,bloc
1202613303,bloc
1205578211,bloc
1208135443,bloc
1208830599,bloc
1221346756,bloc
1225556967,bloc
1232497409,bloc
1246999945,bloc
1247191702,bloc
1247913484,bloc
1252026776,bloc
1252397759,bloc
1259698923,bloc
1260991046,bloc
1262507388,bloc
1273510998,bloc
1273593611,bloc
1276575246,bloc
1278136364,bloc
1282914177,bloc
1293268662,bloc
1298020829,bloc
1298938481,bloc
1304043940,bloc
1316554231,bloc
1321973632,bloc
1328330308,bloc
1332342764,bloc
1337005876,bloc
1345663950,bloc
1348730778,bloc
1353884373,bloc
1361985939,bloc
1362972693,bloc
1368007428,bloc
1370803534,bloc
1375863246,bloc
1378771248,bloc
1381550813,bloc
1383245021,bloc
1384052742,bloc
1390146598,bloc
1390657894,bloc
1397306412,bloc
1397310402,bloc
1398958517,bloc
1402993234,bloc
1412360770,bloc
1420355790,bloc
1421914852,bloc
1430091588,bloc
1431118831,bloc
1445072349,bloc
1448480031,bloc
1483930856,bloc
1486653438,weap
1486750580,bloc
1494911734,bloc
1498536066,bloc
1499631505,bloc
1508523010,bloc
1516769259,bloc
1521519226,bloc
1525496328,bloc
1525887908,bloc
1526415433,bloc
1529405426,bloc
1532858866,bloc
1541665944,bloc
1541935693,bloc
1542250243,bloc
1552712035,bloc
1581982760,bloc
1589211354,bloc
1592952959,bloc
1595564777,bloc
1596479137,bloc
1601289387,bloc
1623818481,bloc
1623923366,bloc
1624681032,bloc
1629359986,bloc
1631593695,bloc
1633862347,bloc
1634867256,bloc
1636200601,bloc
1639207829,bloc
1639518531,bloc
1647130981,bloc
1647775476,bloc
1653755539,bloc
1659531916,bloc
1664937520,bloc
1670996247,weap
1676121395,bloc
1694209988,bloc
1697112643,bloc
1697458031,bloc
1699005788,bloc
1701028917,bloc
1701591570,bloc
1703782188,bloc
1713544252,bloc
1719094253,bloc
1726644032,bloc
1735640563,bloc
1744456276,bloc
1745550544,bloc
1746296544,bloc
1747411369,bloc
1756767445,bloc
1758925597,bloc
1766792052,bloc
1784897098,bloc
1789381662,bloc
1795051422,bloc
1795113272,bloc
1795372850,bloc
1795700261,bloc
1797868144,bloc
1801576568,bloc
1806717236,bloc
1812140586,bloc
1812610166,bloc
1821897008,bloc
1831905974,bloc
1838700938,bloc
1842095303,bloc
1848398497,bloc
1857035317,bloc
1858040120,bloc
1866645562,bloc
1871198106,bloc
1875914002,bloc
1878086486,bloc
1882451900,weap
1894446246,bloc
1912371414,bloc
1925284368,bloc
1927012038,bloc
1936854201,bloc
1941978563,bloc
1958275446,bloc
1968330654,bloc
1972448707,bloc
1977286698,bloc
1986991815,bloc
1989230088,bloc
1990614148,bloc
1994740405,bloc
2008437747,bloc
2010152143,bloc
2014850999,bloc
2019450185,bloc
2030256020,bloc
2030422473,bloc
2032632072,bloc
2038528974,bloc
2050196136,bloc
2055262898,bloc
2058571962,bloc
2060769519,bloc
2065109822,bloc
2065967474,bloc
2072511819,bloc
2081381999,bloc
2084264447,bloc
2086433631,bloc
2092658441,bloc
2094338852,bloc
2101243059,bloc
2105466915,bloc
2107814574,bloc
2108882659,bloc
2112346303,bloc
2121345589,bloc
2122890863,bloc
2122936987,bloc
2126038600,bloc
2134365026,bloc
2145582415,bloc
-2074292798,bloc
-1995502846,bloc
-1902667258,bloc
-987659891,bloc
-451286449,bloc
-408487458,bloc
-382305004,bloc
822856101,bloc
840393731,weap
1233051095,bloc
1371673975,bloc
1625307566,bloc
1914717085,bloc
1970474559,bloc
-1121425050,bloc
398294344,bloc
1150182783,bloc
-2139995824,bloc
-2134745417,bloc
-2130791397,bloc
-2101671295,bloc
-2083528368,bloc
-2070233546,bloc
-2069880959,bloc
-2062308325,bloc
-2061897365,bloc|weap
-2050137622,bloc
-2047645796,bloc
-2047219118,bloc
-2032305908,bloc
-2019291984,bloc
-2013147197,weap
-2009318721,bloc
-2003862149,bloc
-2000842192,bloc
-1989831083,bloc
-1977336356,bloc
-1970671313,bloc
-1964876779,bloc
-1959345782,bloc
-1948298208,bloc
-1922306718,bloc
-1920633013,bloc
-1917507734,bloc
-1912169757,bloc
-1891952860,bloc
-1888177891,bloc
-1870806295,bloc
-1869606436,bloc
-1862844813,bloc
-1855279381,bloc
-1853864085,bloc
-1844231743,bloc
-1840941515,bloc
-1837103259,bloc
-1836916820,bloc
-1835141615,bloc
-1827796421,bloc
-1798970945,bloc
-1796165553,bloc
-1792965084,bloc
-1791499248,bloc
-1779733128,bloc
-1774337000,bloc
-1756918193,bloc
-1741234267,bloc
-1735909100,bloc
-1728338308,bloc
-1727241262,bloc
-1726393427,bloc
-1722600332,bloc
-1696071810,bloc
-1682576932,bloc
-1669245152,bloc
-1631370893,bloc
-1630109204,bloc
-1628159536,bloc|weap
-1616575640,bloc
-1610149073,bloc
-1605451065,bloc
-1577788172,bloc
-1574558185,bloc
-1562365222,bloc
-1546725879,bloc
-1535936332,bloc
-1532339960,bloc
-1526821055,bloc
-1497138997,bloc
-1496642065,bloc
-1493834603,bloc
-1489146921,bloc
-1481871044,bloc
-1455973470,bloc
-1448834841,bloc
-1445721800,bloc
-1430390016,vehi
-1423496106,bloc
-1410050408,bloc
-1408735632,bloc
-1407058610,bloc
-1397239392,bloc
-1385459540,bloc|weap
-1381548451,bloc
-1378185888,bloc
-1351903738,bloc
-1344017063,bloc
-1342546397,weap
-1299991984,bloc
-1299421876,bloc
-1296255298,bloc
-1286812359,bloc
-1282107731,bloc
-1226569462,bloc
-1216342560,bloc
-1191278621,bloc
-1183963014,bloc
-1170643676,bloc
-1168405682,bloc
-1160081872,bloc
-1153057010,bloc
-1147583369,bloc
-1145610689,bloc
-1136587198,weap
-1107152966,bloc
-1075898433,bloc
-1075263194,bloc
-1074641530,bloc
-1056143683,bloc
-1049277794,bloc
-1049133409,bloc
-1047598590,bloc
-1026500027,bloc
-1026001245,bloc
-1018446448,bloc
-1013863483,bloc
-1009950684,bloc
-1007768108,bloc
-984602525,bloc
-971980135,bloc
-967855802,bloc
-964089321,bloc
-948738948,bloc
-942729227,bloc
-941151986,bloc
-917970433,bloc
-917543262,bloc
-902711060,bloc
-902139512,bloc
-897442098,bloc
-891166532,bloc
-891026882,bloc
-879449788,bloc
-875807461,bloc
-862192690,bloc
-853110847,bloc
-849646272,bloc
-835792885,bloc
-834973679,bloc
-800199945,bloc
-781319312,
-753452542,bloc
-750708567,bloc
-744931910,bloc
-735518571,bloc
-734293587,bloc
-724897333,bloc
-720374419,bloc
-690251285,bloc
-687359198,bloc
-667281354,bloc
-665202379,bloc
-665052657,bloc
-659569577,bloc
-659105271,bloc
-657742300,bloc
-649566183,bloc
-640160509,bloc
-630974711,bloc
-630070396,bloc
-617446958,bloc
-607352333,bloc
-586835972,bloc
-586525821,bloc
-585381882,bloc
-557429877,bloc
-553314802,bloc
-552148731,bloc
-548564277,bloc
-541887432,bloc
-511822450,bloc
-503487581,bloc
-479570385,bloc
-467820171,bloc
-457041346,bloc
-435695488,bloc
-423173416,bloc
-414884733,
-403994248,bloc
-374294945,bloc
-362617525,bloc
-345424913,bloc
-325952292,bloc
-325594173,bloc
-315995431,bloc
-296580375,bloc
-276486461,bloc
-270422898,bloc
-261080990,bloc
-236639849,bloc
-235229964,bloc
-202659177,bloc
-198364722,bloc
-194636126,bloc
-159867490,bloc
-153902808,bloc
-151394566,bloc
-145054126,bloc
-139463478,bloc
-129381142,bloc
-124242750,bloc
-119451765,bloc
-115138181,bloc
-109336702,bloc
-105967844,bloc
-92830916,bloc
-83599730,bloc
-80977383,bloc
-72534953,bloc
-72221914,bloc
-55182342,bloc
-41036279,bloc
-26953699,bloc
-3916143,bloc
20077409,bloc
25823608,bloc
30950649,bloc
35836805,bloc
37323842,bloc
42519679,bloc
45101814,bloc
75121108,bloc
102106958,bloc
106177700,bloc
109718854,bloc
154645991,bloc
161920811,bloc
161956963,bloc
173256157,bloc
176886107,bloc
199099927,bloc
201059283,bloc
241522969,bloc
242817478,bloc
250518837,bloc
259218195,bloc
266672194,bloc
273372765,bloc
276083538,bloc
280952626,bloc
293706664,bloc
294505094,bloc
298221350,bloc
304138041,bloc
315322878,bloc
326965901,bloc
330658077,bloc
352792487,bloc
361016714,bloc
378350250,bloc
381701570,bloc
387060621,bloc
387966079,bloc
399695140,bloc
401609109,bloc
414820014,bloc
415085333,bloc
425517037,bloc
434965471,bloc
436904182,bloc
440927978,bloc
455197259,bloc
471166573,bloc
479016201,bloc
479528886,bloc
486114968,bloc
504108943,bloc
511971034,bloc
533902327,bloc
535348091,bloc
540995595,bloc
545089494,bloc
548909619,bloc
568867214,bloc
588823316,bloc
611226816,bloc
641016943,bloc
645383282,bloc
659152961,bloc
660587119,bloc
663493538,bloc
664628935,bloc
667736010,bloc
681765781,bloc
684926659,bloc
697290642,bloc
711896173,bloc
748403399,bloc
755658281,bloc
760837911,bloc
763817694,bloc
765135719,bloc
790866055,bloc
797735956,bloc
809316442,bloc
809586851,bloc
858956944,bloc
885571817,bloc
890733968,bloc
892653615,bloc
906349410,bloc
906930433,bloc
924032241,bloc
929183006,bloc
952915351,bloc
953478525,bloc
972265538,bloc
989532755,bloc
1007672214,bloc
1017975052,bloc
1022291482,bloc
1023121703,bloc
1032349780,bloc
1034960981,bloc
1042655230,bloc
1053233786,bloc
1063565843,bloc
1063996820,bloc
1064872076,bloc
1089546926,bloc
1093281612,bloc
1151541689,bloc
1153658114,bloc
1171422821,bloc
1194765758,bloc
1201247733,bloc
1218545829,bloc
1237066345,bloc
1245365706,bloc
1251050275,bloc
1261610201,bloc
1272904206,bloc
1280072943,bloc
1294761106,bloc
1299238834,bloc
1306749015,bloc
1338904635,bloc|weap
1362551360,bloc
1373941067,bloc
1383734702,bloc
1401278881,bloc
1442974651,bloc
1445179196,bloc
1451705668,bloc
1460435043,bloc
1500403832,bloc
1509696252,bloc
1526178754,bloc
1546847002,bloc
1583471165,bloc
1603085879,bloc
1604214386,bloc
1623725548,bloc
1631560885,bloc
1639828618,bloc
1640301935,bloc
1640567645,bloc
1640931410,bloc
1651807119,bloc
1661894239,bloc
1692055115,bloc
1695449401,bloc
1697653171,bloc
1698199708,bloc
1724419273,bloc
1751460428,bloc
1765622379,bloc
1769402242,bloc
1772410041,bloc
1775719222,bloc
1794877378,bloc
1795045000,bloc
1799576218,bloc
1805943959,bloc
1808934846,bloc
1819952325,bloc
1884296279,bloc
1906623594,bloc
1942645299,bloc
1944083912,bloc
1957727761,bloc
1967856028,bloc
1980653115,bloc
1999148722,bloc
2030757689,bloc
2043239898,bloc
2057784672,bloc
2089725512,bloc
2094730747,bloc
2102877297,bloc
2114995612,bloc
2115624840,bloc
2128199954,bloc
2129749830,bloc
2131620895,bloc
2136274689,bloc
2142075959,bloc
2146360427,bloc
-1990751545,
-2142396503,bloc
-2130433618,bloc
-2116503592,bloc
-2116282785,bloc
-2107526107,bloc
-2106924727,bloc
-2100427221,bloc
-2088008771,bloc
-2086803068,bloc
-2059622878,bloc
-2041348821,bloc
-2018479642,bloc
-2007148792,bloc
-2000454914,bloc
-1977808233,bloc
-1965866673,bloc
-1914173795,bloc
-1893021743,bloc
-1851240042,bloc
-1833338962,bloc
-1815132224,bloc
-1810238964,bloc
-1798641166,bloc
-1786972394,bloc
-1770708340,bloc
-1767947457,bloc
-1766577012,bloc
-1756352121,bloc
-1744850842,bloc
-1726063920,bloc
-1712927179,bloc
-1696601295,bloc
-1696378626,bloc
-1596206731,bloc
-1568459930,bloc
-1562705301,bloc
-1559876918,bloc
-1515923564,bloc
-1511663574,bloc
-1509167489,bloc
-1504288645,bloc
-1485312886,bloc
-1471545051,bloc
-1446049815,bloc
-1436543346,bloc
-1428118261,bloc
-1417314426,bloc
-1402057682,bloc
-1397880436,bloc
-1376568942,bloc
-1368688396,bloc
-1362877994,bloc
-1343218513,bloc
-1279219056,bloc
-1268680785,bloc
-1244222676,bloc
-1239931096,bloc
-1234189151,bloc
-1233805422,bloc
-1221222179,bloc
-1204659414,bloc
-1185648934,bloc
-1174263572,bloc
-1168202434,bloc
-1161463370,bloc
-1161442586,bloc
-1085863628,bloc
-1080565373,bloc
-1076175999,bloc
-1061338160,bloc
-1060634582,bloc
-1060056412,bloc
-1058501576,bloc
-1054457752,bloc
-1030944278,bloc
-1023237008,bloc
-1015664387,bloc
-1011165198,bloc
-1007352857,bloc
-954575256,bloc
-946900146,bloc
-934864946,bloc
-931853409,bloc
-889538369,bloc
-855934447,bloc
-854633474,bloc
-850344859,bloc
-841620849,bloc
-833239429,bloc
-822670277,bloc
-796612543,bloc
-787106872,bloc
-781520873,bloc
-776904086,bloc
-776224431,bloc
-775974848,bloc
-772835552,bloc
-771863478,bloc
-736123431,bloc
-724999321,bloc
-721686850,bloc
-697996662,bloc
-692726462,bloc
-687325913,bloc
-668190709,bloc
-649942049,bloc
-604899504,bloc
-602981280,bloc
-590504935,bloc
-568666373,bloc
-561366239,bloc
-539573083,bloc
-537468852,bloc
-535922041,bloc
-527242228,bloc
-522449109,bloc
-518477552,bloc
-506711778,bloc
-505104623,bloc
-494723023,bloc
-442175810,bloc
-437276853,bloc
-432799583,bloc
-424170410,bloc
-415377924,bloc
-411259918,vehi
-393788705,bloc
-363889655,bloc
-349682849,bloc
-331830703,bloc
-330974598,bloc
-329379567,bloc
-321371349,bloc
-320983648,bloc
-287010249,bloc
-249435970,bloc
-245719498,bloc
-238714166,bloc
-234618250,bloc
-234529054,bloc
-231914866,bloc
-222717036,bloc
-194287030,bloc
-191180189,bloc
-179602844,bloc
-174989335,bloc
-171550821,bloc
-153965203,bloc
-129152303,bloc
-113653827,bloc
-105237562,bloc
-100618042,bloc
-71354192,bloc
-67705004,bloc
-65672571,bloc
-53568809,bloc
-44101888,bloc
-43374451,bloc
-41620947,bloc
-19095148,bloc
-5548293,bloc
17145974,bloc
20764336,bloc
28734630,bloc
30053580,bloc
73785700,bloc
88098872,bloc
111891113,bloc
117200314,bloc
133379520,bloc
134097638,bloc
134811373,bloc
172670731,bloc
174008774,bloc
175813891,bloc
179442392,bloc
212460201,bloc
217793994,bloc
224448460,bloc
225486035,bloc
237990434,bloc
271402896,bloc
273428493,bloc
274010764,bloc
277395068,bloc
277607107,bloc
281252283,bloc
290170532,bloc
292238788,bloc
305594193,bloc
309918571,bloc
318685665,bloc
324976375,bloc
326531045,bloc
339359373,bloc
344047660,bloc
350002954,bloc
368474721,bloc
422503239,bloc
437164530,bloc
437715853,bloc
444299743,bloc
467315015,bloc
486040749,bloc
511409630,bloc
523861822,bloc
541028674,bloc
541576973,bloc
547442058,bloc
607232661,bloc
608505396,bloc
672234966,bloc
690665205,bloc
691322027,bloc
713442646,bloc
713926422,bloc
726788146,bloc
734128504,bloc
738826758,bloc
745346056,bloc
755502980,bloc
762625574,bloc
763370092,bloc
768219059,bloc
786704500,bloc
791766180,bloc
799385423,bloc
822822796,bloc
839068062,bloc
875581998,bloc
894922553,bloc
898908374,bloc
901949181,bloc
911492517,bloc
916290546,bloc
922493807,bloc
929379738,bloc
936788385,bloc
943632776,bloc
988199043,bloc
1013521616,bloc
1017922079,bloc
1017956497,bloc
1020883125,bloc
1051502079,bloc
1069779371,bloc
1080496407,bloc
1112094692,bloc
1112353092,bloc
1115186665,bloc
1147729388,bloc
1159184666,bloc
1167487610,bloc
1168992657,bloc
1173341563,bloc
1180350415,bloc
1191265615,bloc
1196467134,bloc
1197672402,bloc
1200686687,bloc
1206365231,bloc
1207308801,bloc
1209587546,bloc
1213841722,bloc
1219191571,bloc
1222961709,bloc
1223404046,bloc
1226768088,bloc
1250159538,bloc
1265148072,bloc
1274646899,bloc
1282951416,bloc
1289349607,bloc
1297983256,bloc
1300451518,bloc
1308310900,bloc
1332997013,bloc
1344942168,bloc
1349676295,bloc
1353248115,bloc
1356497301,bloc
1358722041,bloc
1385663603,bloc
1395190029,bloc
1397043862,bloc
1403983763,bloc
1404668005,bloc
1407596611,bloc
1414617001,bloc
1419365109,bloc
1457615278,bloc
1479157013,bloc
1514999279,bloc
1527196587,bloc
1529175205,bloc
1544829722,bloc
1563838783,bloc
1571993827,bloc
1603944159,bloc
1632070779,bloc
1638559932,bloc
1643866854,bloc
1671180530,bloc
1672429058,bloc
1694212999,bloc
1697512558,bloc
1706222331,bloc
1714236304,bloc
1744773145,bloc
1753092151,bloc
1788722935,bloc
1791672081,bloc
1803086284,bloc
1818765616,bloc
1829451562,bloc
1845219392,bloc
1867877850,bloc
1869657123,bloc
1884443954,bloc
1905258316,bloc
1910791772,bloc
1912943945,bloc
1924058245,bloc
1953262320,bloc
1954234681,bloc
1954687318,bloc
1968834528,bloc
1983874491,bloc
1984065217,bloc
1992095079,bloc
2002413076,bloc
2018732273,bloc
2020483024,bloc
2026067479,bloc
2026859254,bloc
2029142870,bloc
2035463151,bloc
2046869793,bloc
2058165448,bloc
2069551482,bloc
2076555854,bloc
2080954995,bloc
2098958664,bloc
-1132236065,bloc
-949264406,bloc
-589178765,bloc
-441649130,bloc
227861553,bloc
1944047665,bloc
-2120834935,bloc
-2118295393,bloc
-2069950530,bloc
-2066528094,bloc
-2060790659,bloc
-2051038357,bloc
-2031983806,bloc
-2021334539,bloc
-2018597136,bloc
-2009753044,bloc
-2006384104,bloc
-2006105170,bloc
-1968892381,bloc
-1967357550,bloc
-1962650881,bloc
-1962549968,bloc
-1936364737,bloc
-1934854481,bloc
-1930360312,bloc
-1930313066,bloc
-1919137018,bloc
-1916582293,bloc
-1910338661,bloc
-1906555242,bloc
-1898211129,bloc
-1894947104,bloc
-1876426218,bloc
-1874671526,bloc
-1866211196,bloc
-1857601447,bloc
-1854084274,bloc
-1847881109,bloc
-1841210189,bloc
-1840474816,bloc
-1818287731,bloc
-1816074241,bloc
-1813197120,bloc
-1800137664,bloc
-1771196374,bloc
-1738419066,bloc
-1730637053,bloc
-1706044263,bloc
-1705249294,bloc
-1699035950,bloc
-1692435787,bloc
-1692352740,bloc
-1689130431,bloc
-1679135067,bloc
-1675447413,bloc
-1669856631,bloc
-1658440465,bloc
-1656731091,bloc
-1653235357,bloc|mach
-1645458103,bloc
-1644913679,bloc
-1642205070,bloc
-1639974382,bloc
-1620121425,bloc
-1619352010,bloc|mach
-1613660796,bloc
-1602172109,bloc
-1594594298,bloc
-1569571461,bloc
-1543540030,bloc
-1534482839,bloc
-1534478213,bloc
-1529621560,bloc
-1505694034,bloc
-1484219516,bloc
-1483348702,bloc
-1471475836,bloc
-1456805442,bloc
-1449323854,bloc
-1446834668,bloc
-1434987898,bloc
-1433882223,bloc
-1419073021,
-1417450141,bloc
-1413642859,bloc
-1411641317,bloc
-1383427621,bloc
-1379419169,bloc
-1378555859,
-1375466270,bloc
-1367471358,bloc
-1366946210,bloc
-1366770151,bloc
-1323344609,bloc
-1307340729,bloc
-1295933665,bloc
-1259949120,bloc
-1244207023,bloc
-1230982910,bloc
-1222399102,bloc
-1214970295,bloc
-1211284811,bloc
-1146618440,bloc
-1141355618,bloc
-1135001502,
-1112612324,bloc
-1069121907,bloc
-1024257991,bloc
-1010958972,bloc
-998701639,bloc
-982325846,bloc
-971017561,bloc
-961715849,bloc
-937708425,bloc
-936673582,bloc
-932650651,bloc
-930054923,bloc
-918689725,bloc
-903210148,bloc
-870262823,bloc
-868174143,bloc
-852642112,bloc
-848500653,bloc
-847197543,bloc
-814359119,bloc
-810843343,bloc
-807512398,bloc
-802835143,bloc
-797377496,bloc
-796343476,bloc
-792030906,bloc
-787933945,bloc
-787155964,bloc
-771108960,bloc
-763768727,bloc
-762761172,bloc
-757975792,bloc
-747011470,bloc
-737537936,bloc
-719820519,bloc
-709454467,bloc
-698747569,bloc
-691883131,bloc
-678583929,bloc
-643130885,bloc
-638888980,bloc
-636377149,bloc
-625305594,bloc
-624831409,bloc
-617490887,bloc
-613915832,bloc
-576213123,bloc
-561170090,
-561050419,bloc
-560895948,bloc
-531919970,bloc
-530419826,bloc
-515943243,bloc
-490062689,bloc
-474183284,bloc
-462020870,bloc
-451879960,bloc
-412144379,bloc
-405749083,bloc
-390789061,bloc
-389230158,bloc
-382956834,bloc
-375367038,bloc
-374082500,
-360182820,bloc
-326154702,bloc
-324121100,bloc
-300468366,bloc
-294369101,bloc
-292563713,bloc
-267819784,weap
-237600712,
-236455338,bloc
-230248074,bloc
-217750234,bloc
-211388982,bloc
-210709667,bloc|mach
-203906507,bloc
-195454370,bloc
-181635411,bloc
-164131742,bloc
-153564771,bloc
-146228525,bloc
-143729530,bloc
-128219660,bloc
-109643833,bloc
-104343525,bloc
-94308669,bloc
-63725110,bloc
-53566589,bloc
-25368752,
-22178668,
-12302717,bloc
27382432,bloc
32043757,bloc
34334432,bloc
43193825,bloc
44555732,bloc
49905729,bloc
70188098,bloc
76495031,bloc
82529549,bloc
90460409,bloc
91173839,bloc
103284125,bloc
111144309,bloc
113528560,bloc
115712745,bloc
119366923,bloc
123179546,
131528605,bloc
134402072,bloc
152554447,bloc
189156622,bloc
191329303,bloc
192881298,bloc
193715913,bloc
206449110,bloc
223187573,bloc
225884200,bloc
248449177,bloc
262887601,bloc
274861965,bloc
276985293,bloc
278165533,bloc
293061850,bloc
296360751,bloc
311669030,bloc
362510138,bloc
418798798,bloc
429556522,bloc
429982356,bloc
434495695,bloc
455422974,bloc
480747989,bloc
488880278,bloc
505856624,bloc
511614701,bloc
517952048,bloc
550163356,bloc
553133827,bloc
584843492,bloc
638043116,bloc
655449053,bloc
673280051,bloc
674809047,bloc
695733792,bloc
698258537,bloc
709305671,bloc
750464482,bloc
768300121,bloc
771602466,bloc
782661425,bloc
795486349,bloc
808834622,bloc
810071852,bloc
811124774,bloc
821747450,bloc
825143088,bloc
861473956,bloc
866826286,bloc
869430456,bloc
875175387,bloc
877432973,bloc
932424556,bloc
969863854,
992184812,bloc
996243990,bloc
996448797,bloc
1000247634,bloc
1005486377,bloc
1013194340,bloc
1017788672,bloc
1035751042,bloc
1044914876,bloc
1049784050,bloc
1062387523,bloc
1071134784,bloc
1072814992,bloc
1077618885,bloc
1100738325,bloc
1100828142,bloc
1103678401,bloc
1104193674,bloc
1104497851,bloc
1108153976,bloc
1109420196,bloc
1143961870,bloc
1161248450,bloc
1161333663,bloc
1180233180,bloc
1187747609,bloc
1204530883,bloc
1204717904,bloc
1207731306,bloc
1219892012,bloc
1228409583,bloc
1233220147,bloc
1243799652,bloc
1258084370,bloc
1260044566,bloc
1260409204,bloc
1269009015,bloc
1324141321,bloc
1340269866,bloc
1373079549,bloc
1380266908,bloc
1389122473,bloc
1396944378,bloc
1398645905,bloc
1402101115,bloc
1430559404,bloc
1430688914,bloc
1439867539,
1450842940,bloc
1461675600,bloc
1465171236,bloc
1471582239,bloc
1485295055,bloc
1485625438,bloc
1498361049,bloc
1504584152,weap
1522651004,bloc
1526218263,bloc
1564745115,bloc
1569784078,weap
1576473307,
1579945042,bloc
1601886465,bloc
1609239680,bloc
1630682836,bloc
1639299278,bloc
1647001918,bloc
1664980146,bloc
1702367871,bloc
1723578602,bloc
1740059105,bloc
1743596006,bloc
1744467104,bloc
1744549091,bloc
1795330692,bloc
1803542024,bloc
1807994193,bloc
1818552343,bloc
1849495252,bloc
1862421077,bloc
1868148781,bloc
1884123567,bloc
1906757584,bloc
1927187521,bloc
1965433030,weap
1979878272,bloc
1993112703,bloc
2021471373,bloc
2038336953,bloc
2052422726,bloc
2072957345,bloc
2109055802,bloc
2123698548,bloc
-2133082748,bloc
-2129766320,bloc
-2121329010,bloc
-2117585256,bloc
-2112500018,bloc
-2105678869,bloc
-2102278345,bloc
-2096939128,bloc
-2089635615,bloc
-2086792266,bloc
-2085101472,bloc
-2049901631,bloc
-2035523474,bloc
-2026581994,bloc
-2009801089,bloc
-2007676560,bloc
-1969003076,bloc
-1968253716,bloc
-1958026184,bloc
-1956158837,bloc
-1954589423,bloc
-1950984534,bloc
-1944191188,bloc
-1915496311,bloc
-1913420586,bloc
-1905663566,bloc
-1893535954,bloc
-1885616292,bloc
-1884909892,bloc
-1881368785,bloc
-1877192793,bloc
-1871921360,bloc
-1859920431,bloc
-1828209277,bloc
-1821660676,bloc
-1820617025,bloc
-1820172715,bloc
-1812899868,bloc
-1795839821,bloc
-1775423512,bloc
-1768487020,bloc
-1760023856,bloc
-1752792658,bloc
-1748382354,bloc
-1743009848,bloc
-1733002643,bloc
-1730571084,bloc
-1715709932,bloc
-1704293183,bloc
-1702795949,bloc
-1700856143,bloc
-1691927442,bloc
-1687968843,bloc
-1684290479,bloc
-1681528736,bloc
-1680786699,bloc
-1661784930,bloc
-1653079143,bloc
-1648904157,bloc
-1638049406,bloc
-1632146835,bloc
-1624713825,bloc
-1623436998,bloc
-1611266318,bloc
-1603897378,bloc
-1597986962,bloc
-1582792304,bloc
-1581681374,bloc
-1571271664,bloc
-1558355600,bloc
-1556646743,bloc
-1540228949,bloc
-1537209223,bloc
-1526148163,bloc
-1526075324,bloc
-1517337289,bloc
-1504581377,bloc
-1487325469,bloc
-1485970745,bloc
-1477067536,bloc
-1467563881,bloc
-1432012625,bloc
-1389473784,bloc
-1377302151,bloc
-1372830718,bloc
-1372429266,bloc
-1363183485,bloc
-1355358461,bloc
-1351925298,bloc
-1349033144,bloc
-1349017200,bloc
-1345444464,bloc
-1334988999,bloc
-1320495378,bloc
-1311869063,bloc
-1310470656,bloc
-1303988830,bloc
-1298212018,bloc
-1296130540,bloc
-1290145436,bloc
-1290073881,bloc
-1286443590,bloc
-1279854613,weap
-1277481381,bloc
-1275168280,bloc
-1274016753,bloc
-1272396524,bloc
-1268137913,bloc
-1266584011,bloc
-1249594051,bloc
-1243260000,bloc
-1232579877,bloc
-1216222610,bloc
-1205170016,bloc
-1204655514,bloc
-1192720506,bloc
-1182572207,bloc
-1169694338,bloc
-1155209922,bloc
-1148045137,bloc
-1133375955,bloc
-1132951480,bloc
-1126122709,bloc
-1121251684,bloc
-1108753221,bloc
-1087626344,bloc
-1072792669,bloc
-1071390931,bloc
-1062701635,bloc
-1061325044,bloc
-1061216549,bloc
-1059838991,bloc
-1049855870,bloc
-1048832936,bloc
-1041784711,bloc
-1039528639,bloc
-1036184882,bloc
-1030613000,bloc
-1026014331,bloc
-1025077711,bloc
-1018733961,bloc
-978442206,bloc
-968333472,bloc
-967141690,bloc
-963066078,bloc
-949872279,bloc
-949104639,bloc
-907560234,bloc
-899076744,bloc
-897156035,bloc
-891037503,bloc
-886846442,bloc
-880188153,bloc
-863615175,bloc
-858334125,bloc
-849643914,bloc
-849641425,bloc
-838455199,bloc
-820833798,bloc
-820777221,bloc
-810195729,bloc
-792701821,bloc
-789669566,bloc
-773079858,bloc
-760426707,bloc
-759630746,bloc
-738655773,bloc
-733573963,bloc
-721451670,bloc
-717823627,bloc
-713942005,bloc
-712769619,bloc
-701104536,bloc
-697880108,bloc
-682347658,bloc
-666279841,bloc
-656271171,bloc
-653100864,bloc
-648263274,bloc
-647628637,bloc
-610731727,bloc
-609600121,bloc
-608450698,bloc
-608431683,bloc
-600917206,bloc
-597616017,bloc
-583814796,bloc
-583623522,bloc
-571747534,bloc
-570721044,bloc
-558818703,bloc
-556741724,bloc
-553703571,bloc
-544699085,bloc
-538872778,bloc
-537670772,bloc
-534793674,bloc
-532821733,bloc
-521638217,bloc
-510222850,bloc
-502416382,bloc
-499211580,bloc
-496297780,bloc
-462282139,bloc
-461224115,bloc
-460579597,bloc
-455661060,bloc
-443390049,bloc
-435811131,bloc
-422140648,bloc
-415060082,bloc
-412692587,bloc
-379788568,bloc
-368040655,bloc
-362415281,bloc
-362179145,bloc
-359454735,bloc
-344142758,bloc
-334785114,bloc
-330128506,bloc
-329053538,bloc
-325754881,bloc
-302512807,bloc
-294615435,bloc
-282429822,bloc
-272915400,bloc
-266333254,bloc
-253722378,bloc
-235924478,bloc
-204811214,bloc
-199552115,bloc
-171767336,bloc
-164565211,bloc
-146210532,bloc
-140417991,bloc
-136584341,bloc
-133932080,bloc
-132203492,bloc
-113145688,bloc
-102325467,bloc
-101001905,bloc
-93769059,bloc
-93540773,bloc
-82414544,bloc
-65693773,bloc
-52160971,bloc
-50488709,bloc
-39168989,bloc
-38148143,bloc
-27094769,bloc
-11771600,bloc
-247894,bloc
9273768,bloc
21987462,bloc
33109304,bloc
43789762,bloc
58726188,bloc
80007583,bloc
111600651,bloc
114184148,bloc
117479169,bloc
129152152,bloc
133944403,bloc
161037093,bloc
164170718,bloc
183599378,bloc
190238714,bloc
192043927,bloc
196164718,bloc
197407302,bloc
219338740,bloc
221349674,bloc
224780087,bloc
225280120,bloc
227655592,bloc
228009205,bloc
254105327,bloc
262240160,bloc
276183797,bloc
290023784,bloc
294985115,bloc
297569638,bloc
308903574,bloc
334697451,bloc
352074277,bloc
352162743,bloc
354293918,bloc
358069329,bloc
370228829,bloc
374808179,bloc
377293423,bloc
388733565,bloc
424050678,bloc
424651346,bloc
433310338,bloc
433540219,bloc
446195313,bloc
464822881,bloc
485217672,bloc
487255938,bloc
488584277,bloc
493236797,bloc
505397689,bloc
527522505,bloc
528727563,bloc
532494525,bloc
539159175,bloc
554016643,bloc
554023730,bloc
579663938,bloc
588598720,bloc
604389138,bloc
606732915,bloc
610147695,bloc
612580311,bloc
629142026,bloc
642207591,bloc
645424696,bloc
650578261,bloc
662499629,bloc
689575240,bloc
691279547,bloc
694223161,bloc
700282385,bloc
700696100,bloc
706519170,bloc
707706231,bloc
717738127,bloc
720213000,bloc
722826468,bloc
728794582,bloc
732822893,bloc
738466132,bloc
746787172,bloc
751896475,bloc
751943847,bloc
760172771,bloc
760447148,bloc
767200259,bloc
805858968,bloc
817956928,bloc
820276316,bloc
823748628,bloc
828981025,bloc
832201110,bloc
840827275,bloc
852034992,bloc
856082961,bloc
866162645,bloc
870579901,bloc
873204916,bloc
875884295,bloc
878475210,bloc
898676851,bloc
899496465,bloc
905544121,bloc
909667101,bloc
914560295,bloc
920211637,bloc
925740809,bloc
934471218,bloc
942021665,bloc
949029597,bloc
959678830,bloc|mach
971324404,bloc
978901094,bloc
1002997228,bloc
1012230978,bloc
1014951339,bloc
1020441917,bloc
1046106742,bloc
1048271532,bloc
1051500357,bloc
1053219499,bloc
1068534640,bloc
1073654458,bloc
1077931304,bloc
1080375719,bloc
1091135269,bloc
1120150505,bloc
1131025255,bloc
1135224796,bloc
1140941380,bloc
1177330811,bloc
1179890863,bloc
1180236875,bloc
1189711017,bloc
1189951376,bloc
1198245506,bloc
1207647436,bloc
1211663941,bloc
1215587037,bloc
1216466004,bloc
1227764787,bloc
1227849798,bloc
1242268177,bloc
1253313777,bloc
1262630267,bloc
1268162722,bloc
1272795733,bloc
1282717007,bloc
1286461917,bloc
1290412194,bloc
1295484802,bloc
1298955786,bloc
1308587377,bloc
1321211831,bloc
1333791605,bloc
1337771429,bloc
1338690013,bloc
1340534306,bloc
1350403214,bloc
1351949495,bloc
1352806262,bloc
1353173164,bloc
1357989072,bloc
1378648719,bloc
1399670190,bloc
1425882685,bloc
1429699593,bloc
1443003389,bloc
1447093313,bloc
1477075192,bloc
1490771674,bloc
1518797668,bloc
1521283509,bloc
1529899441,bloc
1541265201,bloc
1563801708,bloc
1567265114,bloc
1578408902,bloc
1581594357,bloc
1600643780,bloc
1622488090,bloc
1642353847,bloc
1659816377,bloc
1672567604,bloc
1718526274,bloc
1733680894,bloc
1735571099,bloc
1758669707,bloc
1761689937,bloc
1765481942,bloc
1765708556,bloc
1768305854,bloc
1770272899,bloc
1780583193,bloc
1783269341,bloc
1785449217,bloc
1794131831,bloc
1804347556,bloc
1816568018,bloc
1820355495,bloc
1822533378,bloc
1822879007,bloc
1824205021,bloc
1846962413,bloc
1850284014,bloc
1874378932,bloc
1875524756,bloc
1894673560,bloc
1894915416,bloc
1898734760,bloc
1903050966,bloc
1907695270,bloc
1911035810,bloc
1917787354,bloc
1943704091,bloc
1966347093,bloc
1991611618,bloc
2003952916,bloc
2009705489,bloc
2012247285,bloc
2028024035,bloc
2028122684,bloc
2060816267,bloc
2070929587,bloc
2077771741,bloc
2084463043,bloc
2085623852,bloc
2099109347,bloc
2100389740,bloc
2108074659,bloc
2108341148,bloc
2110057396,bloc
2114897661,bloc
2141889660,bloc
2144771067,bloc
2145130775,bloc
-2076293527,mach
-1063091359,bloc
129892878,bloc
1730907477,bloc
2017413318,bloc
-2049506964,bloc
-2018703532,bloc
-1934210690,weap
-1839134172,bloc
-1835145426,bloc
-1739050132,bloc
-1696988089,bloc
-1621577801,bloc
-1562127655,bloc
-1434859509,bloc
-1418507883,bloc
-1410122701,bloc
-1404955464,bloc
-1370248084,bloc
-1265541933,bloc
-1154073408,bloc
-947315226,bloc
-904334223,weap
-787643184,bloc
-721267272,weap
-653007403,bloc
-534922797,bloc
-504110026,bloc
-490744889,bloc
-450387499,bloc
-433584685,bloc
-381758523,bloc
-215965497,bloc
-193950577,bloc
-121565894,bloc
-116894306,bloc
-101683652,bloc
79520552,bloc
187509252,bloc
196000099,bloc
456477869,bloc
489869429,bloc
529713616,bloc
978515095,bloc
1014675713,bloc
1336730568,bloc
1398157572,bloc
1537055934,bloc
1552179655,bloc
1653168225,bloc
1787649605,bloc
1808358730,bloc
1879081167,bloc
1969025236,bloc
1981672938,bloc
1998869261,bloc
2147078799,bloc
-300253312,weap
-1225339938,weap
223996207,vehi
