meta	92f18088	Ranked:Oddball	skull	Lattice - Ranked	113	200	610	8	3814	1884	1930	4501	591194	37263	2273
team	6	63	63	63	94131	303106	oui
team	8	100	100	100	64486	359029	oui
a01	ecart	63/100	113/200	2
player	10	-	-	10	-	4	-	2	-	non	non	0
player	12	-	-	6	-	9	-	2	-	non	non	0
player	14	-	-	9	-	9	-	4	-	non	non	0
player	16	-	-	3	-	8	-	3	-	non	non	0
player	18	-	-	3	-	7	-	5	-	non	non	0
player	20	-	-	12	-	9	-	2	-	non	non	0
player	22	-	-	8	-	7	-	2	-	non	non	0
player	24	-	-	8	-	6	-	5	-	non	non	0
a03	0	0	0	0	8	8	0
teamcore	33	26	0	0	0
a02	c			comp2A equipes 33/26 vs sommes joueurs 0/0
a01b	ecart	63/100	113/200	1	1
volume	163	0	0	0	0	3263	25	3288
probe	total	0
cost	2273	2317	21	7	76	3814
