short8	match_id	game_variant_name	map_name	regulation_seconds	elapsed_seconds	over_seconds	is_overtime	duration_seconds	playable_duration_seconds	team_0_score	team_1_score	player_count	start_time_utc
eb665a8f	eb665a8f-148f-4039-9de6-bb90fcefde0d	CTF:Arena	Origin	720	976	256	true	1009	1001	2	3	2	2026-03-03 21:40:03.497+01
4a93f0e2	4a93f0e2-5bc1-4235-96fd-b2659725ee50	CTF:Arena	Dynasty	720	966	246	true	1007	1000	2	3	3	2026-01-12 22:43:07.719+01
521c5c38	521c5c38-9aa6-4c79-99d0-b4a0a57ab5a1	CTF:Arena	Forest	720	946	226	true	993	985	2	1	1	2026-01-17 15:29:25.744+01
8b512df2	8b512df2-2b5a-4c7f-9d4f-8f2c5fe86fe7	CTF:Arena	Forest	720	937	217	true	975	968	2	2	3	2026-01-12 22:25:03.864+01
eba1e63f	eba1e63f-1daf-4703-b8c5-93b47b239613	CTF:Arena	Aquarius	720	895	175	true	934	926	3	2	1	2026-01-16 19:06:34.459+01
19ef6b04	19ef6b04-88ad-4861-8b16-72d5db2e2731	CTF:Arena	Aquarius	720	877	157	true	911	904	2	1	1	2026-01-19 17:54:09.442+01
44e14331	44e14331-41e6-4343-8d25-06a7bf1886fb	CTF:Arena	Shiro	720	860	140	true	861	853	2	3	0	2026-07-03 22:57:14.796+02
aaaf6c76	aaaf6c76-2a93-4e4b-abab-b9c685a7fdce	Strongholds:Arena	Kaiketsu	720	835	115	true	885	885	193	197	1	2025-12-30 15:37:39.419+01
64e8adfa	64e8adfa-e3e3-4c26-9f10-7d6a4dc36706	CTF:Arena	Catalyst	720	809	89	true	839	831	2	3	1	2026-01-02 19:16:53.058+01
7ff4271a	7ff4271a-6f9f-4554-9c3e-4726b01c52fe	CTF:Arena	Illusion	720	774	54	true	808	808	3	2	2	2026-02-07 15:30:06.615+01
20fcbfe4	20fcbfe4-5a35-4992-a4b8-4bb7d92b62b6	Team Slayer:Arena	Dynasty	720	751	31	false	752	752	50	45	1	2026-03-27 22:44:23.051+01
de7c1986	de7c1986-40a8-43ce-9d01-4188efe84480	Slayer:Arena	Shiro	720	750	30	false	751	751	46	48	0	2026-07-03 22:29:55.358+02
f37771d1	f37771d1-73cc-49a4-a9d2-2749562976b4	CTF:Arena	Detachment	720	739	19	false	788	788	1	2	7	2026-02-18 21:54:03.911+01
fe6ae52b	fe6ae52b-6ea1-4bb8-898e-9c1e4f24a693	Arena:Slayer	Domicile	720	734	14	false	735	735	33	50	8	2025-10-13 21:57:45.75+02
30eaa247	30eaa247-30fe-4591-af43-8ddab2989b30	Slayer:Arena	High Ground	720	729	9	false	765	765	49	45	3	2026-02-05 22:36:56.346+01
d263c741	d263c741-b917-4b38-90e1-aa415d7f4fd0	Team Slayer:Arena	High Ground	720	729	9	false	777	777	41	49	1	2026-01-13 22:55:59.052+01
59b8abb9	59b8abb9-1044-4bcd-9f4d-569c5ac8db3c	CTF:Arena	Takamanohara	720	727	7	false	763	762	2	1	2	2026-01-04 15:56:17.05+01
b232e02d	b232e02d-6222-4914-ac12-5f64bf04d770	Slayer:Arena	Behemoth	720	726	6	false	759	759	41	50	1	2026-03-19 14:53:22.96+01
53ce4390	53ce4390-efa0-455d-acbc-2208865a68b6	CTF:Arena	Behemoth	720	724	4	false	753	753	1	2	1	2026-02-03 11:29:33.863+01
1e5e355e	1e5e355e-3f68-414d-aee1-c8b9c19d175b	CTF:Arena	Shiro	720	724	4	false	768	768	2	0	3	2025-12-15 22:44:40.429+01
75114680	75114680-ece6-437b-be5d-55741e2d1e3d	CTF:Arena	Empyrean	720	723	3	false	768	768	1	0	2	2026-02-09 22:28:24.503+01
78919882	78919882-f47d-4460-9e78-673f5afdd338	Slayer:Arena	High Ground	720	723	3	false	724	724	50	49	0	2026-07-23 23:14:26.626+02
f060a151	f060a151-1813-4081-99ac-3060f5be2568	CTF:Arena	Detachment	720	723	3	false	774	774	1	2	1	2026-01-27 19:13:03.775+01
8564a33f	8564a33f-392b-45e7-b667-b5d1caf2a762	Slayer:Arena	High Ground	720	722	2	false	780	780	42	40	1	2026-03-14 14:08:06.351+01
a093d172	a093d172-0d15-4b63-b7a6-feca1187f87c	Slayer:Arena Super Fiesta	Chasm	720	721	1	false	744	744	47	50	1	2026-01-08 18:25:54.647+01
735b92ac	735b92ac-763d-4bb9-954f-2c98a629f024	CTF:Arena	Bazaar	720	719	-1	false	743	742	0	3	3	2026-01-21 21:17:27.383+01
61614156	61614156-4c2c-401d-be09-a76dcac66b9c	CTF:Arena	Cliffside	720	718	-2	false	776	776	1	2	3	2025-12-02 22:58:48.992+01
ca9a2500	ca9a2500-11b2-4b7c-ae8a-38c824fd7ce4	Team Slayer:Arena	Domicile	720	718	-2	false	719	719	50	36	1	2026-01-02 20:18:01.293+01
02784ce1	02784ce1-2598-4efd-8a84-b17584524e97	Slayer:Arena	Dynasty	720	717	-3	false	762	762	42	50	2	2025-11-09 20:34:16.512+01
cf23a92a	cf23a92a-6a81-48c5-953f-682aeea1f948	Slayer:Arena	Domicile	720	713	-7	false	714	714	50	48	1	2026-01-19 19:11:02.791+01
9aeca4b3	9aeca4b3-a509-4b94-9939-126f13369fa8	Team Slayer:Arena	Catalyst	720	713	-7	false	749	749	44	46	1	2025-12-08 19:36:13.34+01
c1e8d359	c1e8d359-5f92-4b3d-8ffd-d0dc2b954af5	Team Slayer:Arena	Behemoth	720	708	-12	false	709	709	43	50	2	2026-03-24 22:26:31.666+01
a306a162	a306a162-94c8-4e6d-b20c-a92f32a08a50	CTF:Arena	Shiro	720	707	-13	false	708	707	3	0	2	2026-01-04 14:47:48.188+01
d245486a	d245486a-3a66-45cb-8ce4-e476017cd730	Slayer:Arena	Elevation	720	703	-17	false	755	755	50	45	1	2026-03-09 13:50:54.286+01
20fd2c23	20fd2c23-740a-41b2-ba6a-a20bdac8b833	Slayer:Arena	Chasm	720	701	-19	false	719	719	50	45	1	2026-03-11 12:33:47.119+01
95acb087	95acb087-2da4-4a17-b907-d7010912c370	Team Slayer:Arena	Argyle	720	697	-23	false	742	742	50	49	1	2026-03-19 12:32:30.116+01
45f9d8c8	45f9d8c8-254e-44f4-88e0-59d320f35e70	CTF:Arena	Critical Dewpoint	720	694	-26	false	726	726	3	1	3	2025-12-18 23:08:20.507+01
ce46a96e	ce46a96e-2429-4843-9836-fd96d6a6f78a	Team Slayer:Arena	Bazaar	720	692	-28	false	710	710	39	50	2	2026-03-16 19:10:28.917+01
db7b8c3c	db7b8c3c-871b-4e4f-9fa4-30eae20fad9e	CTF:Arena	Aquarius	720	692	-28	false	693	693	1	3	3	2026-01-08 22:48:34.118+01
cab2191d	cab2191d-0245-482d-8cb8-2660def4c043	Team Slayer:Arena	High Ground	720	691	-29	false	692	692	45	50	3	2025-12-15 22:10:37.664+01
23aff586	23aff586-bb1c-410e-a05f-5ab71b002a0e	Team Slayer:Arena	Forest	720	690	-30	false	712	712	50	44	1	2026-02-04 19:12:41.864+01
ff397ff3	ff397ff3-c483-4fa4-97a2-38d98bc3ab77	CTF:Arena	Chasm	720	685	-35	false	707	707	3	1	1	2025-12-24 16:44:20.75+01
040c5e7e	040c5e7e-afd6-453a-9ef1-28d15caf77c8	Slayer:Arena	Domicile	720	684	-36	false	714	714	50	48	1	2026-03-05 19:54:39.789+01
51d3ab9f	51d3ab9f-0c70-4c49-ae6d-06a1ed6c5765	Slayer:Arena Super Fiesta	Launch Site	720	683	-37	false	719	719	50	42	1	2026-01-21 19:07:45.657+01
db6dc73c	db6dc73c-f22c-4a0d-9263-dbd63ca622d8	CTF:Arena	Snowbound	720	680	-40	false	719	719	3	2	3	2026-01-08 23:09:13.403+01
52febf8a	52febf8a-a759-4d28-bba3-e5e54dca305a	CTF:Arena	Empyrean	720	680	-40	false	706	706	0	3	2	2026-03-03 22:44:13.471+01
ad824bcc	ad824bcc-f6cd-44fa-98cd-2d1131098aeb	CTF:Arena	Critical Dewpoint	720	678	-42	false	726	726	2	3	1	2025-12-18 12:07:12.074+01
68911f6f	68911f6f-46a0-4c5b-bda5-d2dcf8c0743b	Team Slayer:Arena	Empyrean	720	675	-45	false	676	676	50	46	1	2026-03-19 12:56:23.374+01
563cc1ba	563cc1ba-ef21-4b04-8a78-911704eb2836	Strongholds:Arena	Curfew	720	674	-46	false	675	675	136	189	3	2025-12-15 23:04:48.529+01
4f64cccb	4f64cccb-331c-4d06-bcb8-a24255a9dcd3	Arena:Team Slayer	Illusion	720	673	-47	false	705	705	49	50	1	2025-10-22 00:16:51.111+02
fd5aa1c9	fd5aa1c9-22ca-4bf6-887e-e511ce49b627	CTF:Arena	Forest	720	669	-51	false	670	670	3	0	3	2025-11-13 22:44:14.241+01
415f2c6c	415f2c6c-e882-428a-baf2-56570df3effb	Strongholds:Arena	Illusion	720	666	-54	false	689	689	162	197	3	2025-11-13 22:21:56.046+01
81eda4a6	81eda4a6-9906-4c7e-b64a-9013b795dde7	Strongholds:Arena	Recharge	720	661	-59	false	694	694	198	111	3	2025-12-03 21:29:13.495+01
c4e341f3	c4e341f3-1527-4bec-8f7a-c1a42d67d11b	Team Slayer:Arena	Chasm	720	657	-63	false	673	673	49	50	2	2026-03-18 22:31:15.891+01
658c9e26	658c9e26-2fef-4874-b4ff-53a126e46420	Team Slayer:Arena	Detachment	720	655	-65	false	699	699	42	50	1	2025-12-27 18:16:51.789+01
c2d2a708	c2d2a708-fdf8-4e65-aec6-8c5c6eea42a9	Slayer:Arena	Sylvanus	720	650	-70	false	694	694	50	47	1	2026-02-04 18:49:22.23+01
0215fe6b	0215fe6b-dc37-4907-b643-7f532c32b24d	Team Slayer:Arena	Dynasty	720	649	-71	false	687	687	47	50	1	2026-02-04 19:27:43.23+01
4fa97c55	4fa97c55-fbd3-42b3-8366-2f355db7e498	Team Slayer:Arena	Forbidden	720	644	-76	false	664	664	34	50	1	2025-12-06 03:06:29.51+01
b719859c	b719859c-8046-48f4-94ec-3350d032d165	Team Slayer:Arena	Snowbound	720	644	-76	false	674	673	50	31	1	2025-12-28 16:15:57.692+01
aeff000f	aeff000f-7b90-40d5-a81a-41c136acb025	Team Slayer:Arena	Cliffhanger	720	643	-77	false	670	669	46	50	2	2025-11-01 22:15:50.168+01
46256fe9	46256fe9-9292-491f-b25a-017504f45295	Slayer:Arena	Argyle	720	641	-79	false	668	668	50	49	1	2025-12-27 17:47:37.597+01
e262d802	e262d802-db92-4186-b971-d56741c61ba2	Team Slayer:Arena	Shiro	720	639	-81	false	673	673	50	45	2	2026-03-03 21:26:39.19+01
4bdd11d2	4bdd11d2-f0d4-45da-9862-891cb5ab9b38	Slayer:Arena	Forbidden	720	638	-82	false	660	660	48	50	5	2026-02-11 22:37:10.991+01
f3a5f67d	f3a5f67d-0e50-4cb0-8df9-77d970d7731c	Slayer:Arena Super Fiesta	Launch Site	720	636	-84	false	664	664	42	50	1	2026-03-10 19:44:59.598+01
400bb628	400bb628-1a30-4969-8677-47877330a932	CTF:Arena	Empyrean	720	635	-85	false	636	636	3	0	2	2026-01-04 15:28:39.901+01
ad675001	ad675001-59a1-42fa-ba81-e76727d76f8d	CTF:Arena	Origin	720	635	-85	false	666	666	0	3	4	2026-02-10 22:06:39.653+01
816e1d51	816e1d51-2b30-4f84-9b75-2adc6436e93d	Slayer:Arena	Cliffhanger	720	635	-85	false	689	689	50	47	3	2026-01-12 21:46:40.914+01
f74cc2e8	f74cc2e8-a085-48fb-aafb-67d81ee96a35	Team Slayer:Arena	Behemoth	720	635	-85	false	658	658	40	50	3	2025-12-29 22:52:12.155+01
4898d586	4898d586-a097-4de7-9c8e-d85b01c5f884	Slayer:Arena Super Fiesta	Behemoth	720	635	-85	false	658	658	46	50	3	2026-02-19 18:55:21.738+01
3e59a825	3e59a825-8254-4aac-96df-5dbced709afb	Slayer:Arena	Streets	720	634	-86	false	635	635	50	43	1	2025-12-25 17:36:45.303+01
e151b467	e151b467-c5ab-48ca-9101-c1eea7ee5922	Team Slayer:Arena	Chasm	720	633	-87	false	660	660	50	40	1	2026-03-19 13:08:54.545+01
f1ae8345	f1ae8345-e0a6-49b9-a0eb-3e861541bef9	Slayer:Arena Super Fiesta	Bazaar	720	632	-88	false	662	662	50	49	2	2026-03-05 20:29:33.997+01
cf3a088b	cf3a088b-a570-4f12-9ec4-13b0f930ae2f	Team Slayer:Arena	Illusion	720	632	-88	false	659	659	44	50	2	2026-02-06 19:05:27.937+01
cd566380	cd566380-4042-4f71-9a3a-c28490338889	Slayer:Arena	Domicile	720	628	-92	false	656	656	46	50	1	2025-12-21 16:24:15.289+01
5aa360c3	5aa360c3-b56c-430b-87af-3ab50f2d802c	Team Slayer:Arena	Shiro	720	628	-92	false	629	629	33	50	1	2026-01-29 18:29:57.114+01
532952e9	532952e9-aec1-4eea-b44b-17967051baf5	CTF:Arena	Starboard	720	628	-92	false	666	666	3	2	8	2026-01-08 21:40:48.884+01
4ba92d2c	4ba92d2c-f003-4ffb-b810-1f522b553cc7	Slayer:Arena	Kiken'na	720	627	-93	false	659	659	50	43	1	2026-01-27 18:57:39.531+01
dcafe573	dcafe573-f2ff-4d1b-a669-09275791b387	Slayer:Arena Super Fiesta	Prism	720	626	-94	false	658	658	50	46	1	2025-12-28 16:55:30.114+01
47149c49	47149c49-ae40-43b9-91a1-dbd8cbf9400c	Strongholds:Arena	High Ground	720	625	-95	false	626	626	194	158	2	2026-03-03 22:31:59.547+01
c3fe1007	c3fe1007-7382-47b1-b817-ee9f10b8fbe4	Team Slayer:Arena	Dynasty	720	625	-95	false	664	664	50	49	3	2026-03-12 21:58:20.402+01
799fdf49	799fdf49-1d0b-4796-9b47-dea7f1887bc7	Team Slayer:Arena	Detachment	720	623	-97	false	649	649	50	46	2	2026-03-18 22:19:00.754+01
a7c4b804	a7c4b804-41ee-4ec3-b12b-b7cb17db714f	Arena:Team Slayer	The Pit	720	622	-98	false	682	682	40	50	8	2025-10-13 21:34:37.615+02
57f4be06	57f4be06-71f0-42d8-a355-42dc29164f8e	Team Slayer:Arena	Catalyst	720	621	-99	false	658	658	50	48	1	2026-01-16 19:45:48.763+01
54b94ee3	54b94ee3-e9b9-4f1c-b6fe-abce132f5da5	Team Slayer:Arena	Detachment	720	621	-99	false	622	622	46	50	3	2026-01-12 21:35:11.84+01
885b158a	885b158a-cdb0-4096-8517-e1281a3a894d	Slayer:Arena Super Fiesta	Chasm	720	621	-99	false	666	666	49	50	2	2026-02-09 18:25:31.76+01
b8335e7c	b8335e7c-e72a-4375-98bb-7fb5ea770578	Team Slayer:Arena	Dynasty	720	619	-101	false	648	648	48	50	1	2025-12-24 16:16:15.298+01
7b60cff5	7b60cff5-d9d7-4b9b-9e1b-f05726612c51	CTF:Arena	Forest	720	619	-101	false	620	620	0	3	2	2026-01-04 15:16:59.977+01
c3af8191	c3af8191-e830-48a7-97f3-4ca40f14b9e5	Team Slayer:Arena	Forbidden	720	618	-102	false	636	636	48	50	1	2026-01-26 20:07:36.701+01
73e4e8fa	73e4e8fa-9039-44c9-a3db-1d02fb287543	Team Slayer:Arena	Snowbound	720	618	-102	false	667	667	50	46	3	2026-04-06 22:12:45.732+02
04f7d9d5	04f7d9d5-7a59-4922-887e-8d7be56ac55d	Slayer:Arena	High Ground	720	616	-104	false	647	647	34	50	3	2026-02-18 22:51:31.483+01
b91be4c0	b91be4c0-fef7-469a-9043-2fe4ed5b782d	Slayer:Arena	Chasm	720	616	-104	false	646	646	45	50	3	2025-12-15 22:29:29.869+01
bdd4b8f5	bdd4b8f5-3afb-451f-870e-290f560fd5a8	Strongholds:Arena	Opulence	720	614	-106	false	643	643	194	131	2	2026-03-27 22:59:10.594+01
ad5876aa	ad5876aa-09bd-4c9f-bfe1-5d210ea27634	Team Slayer:Arena	Forbidden	720	610	-110	false	631	631	42	50	1	2026-03-10 18:53:01.328+01
cbd4f623	cbd4f623-1463-4fc9-8650-93709c9fefc6	Team Slayer:Arena	Kiken'na	720	609	-111	false	650	650	49	50	1	2026-01-16 19:33:05.545+01
419457ca	419457ca-b8cb-4dae-90ff-aee0eaaf75c9	Slayer:Arena	Cliffhanger	720	607	-113	false	642	642	47	50	2	2026-03-03 23:23:49.537+01
eabdb166	eabdb166-2239-4673-925e-def9c027dcf8	Team Slayer:Arena	Cliffhanger	720	606	-114	false	635	635	43	50	5	2026-02-11 21:46:34.74+01
d2609519	d2609519-5802-413f-93b1-873a6b6db240	Slayer:Arena	Empyrean	720	606	-114	false	636	636	50	46	1	2025-11-27 18:58:10.535+01
50f16538	50f16538-396a-453b-a0bf-cdb00e942609	CTF:Arena	Detachment	720	604	-116	false	634	634	3	2	7	2026-02-18 21:41:55.706+01
78315425	78315425-fefb-4551-bd3c-56f204b7ef89	Team Slayer:Arena	Cliffside	720	602	-118	false	630	630	42	50	1	2026-01-19 20:16:51.015+01
42cfe12a	42cfe12a-64e3-4bd2-84fc-1d1dbbd646f2	Team Slayer:Arena	Absolution	720	601	-119	false	602	602	45	50	2	2025-11-09 20:15:06.758+01
94e3d514	94e3d514-5726-4ba3-a3ea-5ba758e1e241	Team Slayer:Arena	Curfew	720	601	-119	false	602	602	44	50	1	2026-01-21 22:27:15.005+01
244810f9	244810f9-a690-4d80-893d-08eeca5aba78	Slayer:Arena Super Fiesta	Prism	720	600	-120	false	628	628	50	43	1	2025-12-18 18:41:17.013+01
c744aa29	c744aa29-6395-4b2e-b88d-e5a5b0e96987	Slayer:Arena	Cliffside	720	600	-120	false	652	652	50	43	1	2026-03-17 23:52:41.434+01
c7f6621e	c7f6621e-e1d5-4208-8695-9d01cd173532	Slayer:Arena	Ecotone	720	599	-121	false	600	600	48	50	3	2025-12-18 21:22:06.323+01
cf7fed9f	cf7fed9f-a4a7-4e72-b3a4-f302f380e67b	Team Slayer:Arena	Solitude	720	598	-122	false	599	599	50	49	3	2026-03-12 21:38:13.106+01
e232ffce	e232ffce-163d-4b2c-828f-ebad3bb9c7b3	Slayer:Arena	Behemoth	720	598	-122	false	617	617	50	37	3	2025-11-25 22:55:04.653+01
dcf44b35	dcf44b35-7ed8-4555-a90a-e2ff839be236	CTF:Arena Neutral Flag	The Pit	720	597	-123	false	645	644	5	4	2	2026-01-11 14:00:42.769+01
588b99af	588b99af-ea63-4fac-95c6-aa4764b4f21b	Arena:Slayer	Absolution	720	596	-124	false	623	623	50	49	3	2025-10-23 22:52:06.358+02
a468dc20	a468dc20-5a21-49c9-be3b-fb73419db5e3	Team Slayer:Arena	Nemesis	720	595	-125	false	624	624	41	50	3	2026-03-12 21:25:48.551+01
829abef9	829abef9-b075-4f9b-8efc-95dcf53e20d1	CTF:Arena	Behemoth	720	593	-127	false	624	624	3	0	1	2025-12-08 19:53:17.316+01
bd133927	bd133927-a509-47ff-9f2d-44b2c5b58f31	Slayer:Arena Super Fiesta	Chasm	720	593	-127	false	624	624	50	48	1	2025-12-27 18:01:09.458+01
9b191a7f	9b191a7f-72ae-417b-9789-cd0d870a43cf	Team Slayer:Arena	Bazaar	720	592	-128	false	593	593	40	50	3	2026-04-06 23:40:32.093+02
c6ed4c12	c6ed4c12-dcc5-440c-bc0e-535aa999b25e	Slayer:Arena	The Pit	720	592	-128	false	631	630	50	43	2	2025-11-03 21:57:38.134+01
d1ad62d7	d1ad62d7-89a7-4b5f-989e-82225119e6c4	Team Slayer:Arena	Cliffside	720	592	-128	false	624	624	50	40	3	2025-11-25 23:15:07.93+01
10ed320d	10ed320d-f893-4385-aea9-d057d2bf1a14	Strongholds:Arena	Forest	720	592	-128	false	620	620	174	169	3	2025-12-18 22:25:20.967+01
ace5c586	ace5c586-d3b7-4460-ab8f-024144ff6097	Slayer:Arena	Snowbound	720	591	-129	false	592	592	38	50	5	2026-02-11 22:08:13.718+01
cba488f7	cba488f7-2156-4c8f-ad31-ac8ef69e7533	Team Slayer:Arena	Starboard	720	591	-129	false	620	620	50	47	1	2025-12-30 15:24:41.397+01
653fe7c4	653fe7c4-df48-4add-81df-1c43ac085f8f	Team Slayer:Arena	Nemesis	720	589	-131	false	639	639	50	41	1	2026-01-29 18:04:56.15+01
215e7022	215e7022-9959-4a1e-85aa-861161b588f4	Team Slayer:Arena	Argyle	720	589	-131	false	641	641	46	50	1	2026-02-03 17:13:17.253+01
e9ed0da6	e9ed0da6-e178-4ab3-a885-d85898f0e4bf	Team Slayer:Arena	High Ground	720	589	-131	false	590	590	50	37	8	2026-01-08 21:20:55.236+01
801922d4	801922d4-be5e-4f51-891d-9760bb943aa3	Slayer:Arena	Cliffside	720	589	-131	false	626	626	50	42	1	2026-03-18 12:31:52.702+01
f82203b7	f82203b7-5711-4e82-ae75-35365cfe492f	Slayer:Arena Super Fiesta	Launch Site	720	587	-133	false	619	619	50	43	2	2026-02-09 18:11:10.821+01
b31a5558	b31a5558-2f4d-4084-85dc-9dd207cd90b3	Team Slayer:Arena	Isolation	720	585	-135	false	586	586	47	50	5	2026-02-11 21:35:48.521+01
42904c91	42904c91-172d-4cac-956c-751b38fb6548	Slayer:Arena	Dredge	720	584	-136	false	642	642	39	50	1	2026-02-04 19:04:39.298+01
4fd6e87a	4fd6e87a-12bf-4def-8b49-e59e1432f6f4	Slayer:Arena	Detachment	720	582	-138	false	618	618	49	50	8	2025-12-09 21:36:26.909+01
a9dcfe1a	a9dcfe1a-e829-4251-b2fc-91429745e6ba	Arena:Slayer	Argyle	720	581	-139	false	632	631	49	50	1	2025-10-18 21:54:32.123+02
089267e8	089267e8-ecf5-49d6-8e39-a63aed319786	Slayer:Arena	Nemesis	720	579	-141	false	638	638	49	50	3	2025-12-15 23:26:57.49+01
f51f5b70	f51f5b70-da10-42a5-be6b-dc4e3cf01c59	Slayer:Arena	Forbidden	720	579	-141	false	597	597	50	45	3	2025-12-29 22:28:54.846+01
f1e41f31	f1e41f31-fb0c-41d6-8030-5e652c6d689d	Slayer:Arena Super Fiesta	Behemoth	720	578	-142	false	606	606	50	46	1	2026-03-11 21:24:46.912+01
70726b0e	70726b0e-82bf-46ef-a755-d7417dde1745	Team Slayer:Arena	The Pit	720	578	-142	false	645	645	50	35	1	2026-03-05 19:40:05.34+01
6fe87881	6fe87881-3576-430f-9255-27353414a733	CTF:Arena	Chasm	720	577	-143	false	610	610	2	3	2	2026-02-07 17:44:38.151+01
f8e8dc37	f8e8dc37-2c43-4d80-a89e-ef9a9a17464f	Team Slayer:Arena	Takamanohara	720	577	-143	false	603	603	39	50	3	2025-11-06 22:47:29.798+01
9123a92b	9123a92b-f2be-4a0b-9dd6-ecdbbfc86bc0	Slayer:Arena Super Fiesta	Behemoth	720	577	-143	false	608	608	50	49	2	2026-02-09 21:46:16.754+01
981a95c0	981a95c0-6450-4e22-b0f6-8cc3afa516c0	CTF:Arena	Fortress	720	576	-144	false	604	604	0	3	2	2026-03-24 21:30:48.809+01
bb03952e	bb03952e-1934-4952-8396-5e38180f7e84	Slayer:Arena Super Fiesta	Chasm	720	576	-144	false	597	597	45	50	1	2026-03-15 16:31:13.304+01
0873c469	0873c469-cf21-4378-8901-55eae8dcf787	Team Slayer:Arena	Dynasty	720	576	-144	false	577	577	36	50	1	2026-01-02 19:05:34.292+01
56ee6d5c	56ee6d5c-5ab5-4f5c-8667-b480455e0438	Team Slayer:Arena	Dynasty	720	576	-144	false	604	604	50	43	2	2025-10-31 14:58:43.014+01
b7b37365	b7b37365-3220-46b3-b1fb-555763ee8da9	Team Slayer:Arena	Origin	720	573	-147	false	603	602	50	48	3	2026-03-01 22:00:33.47+01
5517fcab	5517fcab-a7b6-4d84-b20b-f08ebedd7447	Team Slayer:Arena	Prism	720	573	-147	false	594	594	40	50	1	2026-03-18 12:47:34.533+01
81cc9952	81cc9952-3339-4681-aec7-893202fde627	CTF:Arena	Cliffside	720	572	-148	false	600	600	2	3	1	2026-01-29 17:52:32.685+01
8f9a1164	8f9a1164-ce17-4502-bdd0-06684b72ffa3	Slayer:Arena	Detachment	720	572	-148	false	622	622	50	37	1	2025-12-24 17:04:48.005+01
f0680b37	f0680b37-5a43-444d-86c7-620a37b7d557	Slayer:Arena Tactical	Behemoth	720	572	-148	false	573	573	44	50	1	2025-12-06 03:34:58.951+01
f185048a	f185048a-6f44-454f-ac6a-9520eb5cf76b	CTF:Arena	Nemesis	720	570	-150	false	603	603	1	3	1	2026-01-16 18:54:26.315+01
fbc7ed74	fbc7ed74-5ef3-4423-a756-e6386f41e946	Arena:Team Slayer	Goliath	720	570	-150	false	597	597	50	45	3	2025-10-23 22:40:38.04+02
6d1c7363	6d1c7363-4827-49fb-af99-43350c34cbad	Slayer:Arena Super Fiesta	Launch Site	720	570	-150	false	571	571	42	50	3	2026-02-16 22:27:57.899+01
3578fb64	3578fb64-df72-4790-be4d-b1d81616d637	Slayer:Arena Super Fiesta	Cliffhanger	720	569	-151	false	605	605	50	45	1	2025-12-21 17:43:19.063+01
418eee76	418eee76-72ab-4833-95f1-77e49f11004b	Strongholds:Arena	Domicile	720	569	-151	false	601	600	188	136	2	2025-10-31 14:08:47.704+01
be02e617	be02e617-4df2-498b-ade7-b471f4e46926	Slayer:Arena Super Fiesta	Forbidden	720	568	-152	false	600	600	42	50	3	2026-02-15 21:01:18.466+01
4d2dbeab	4d2dbeab-024a-483c-bb61-197ef0d8c8ab	Slayer:Arena Super Fiesta	Chasm	720	568	-152	false	590	590	49	50	3	2026-02-18 17:48:51.365+01
f67c0c81	f67c0c81-86bb-4807-a00a-7aac35da9b6a	CTF:Arena	Houseki	720	568	-152	false	599	599	3	2	3	2026-02-10 21:46:53.298+01
f3e6c715	f3e6c715-8f12-4d64-99eb-88fb6ae66e78	Team Slayer:Arena	Forbidden	720	567	-153	false	587	587	50	44	3	2026-01-08 22:25:53.603+01
dde0dca8	dde0dca8-6521-4218-a6aa-113dcfaae9f2	Arena:Slayer	Prism	720	566	-154	false	585	585	43	50	3	2025-10-13 22:34:36.964+02
12999e9f	12999e9f-a6e8-4b2a-9bef-a056d7b5e1ed	Slayer:Arena Super Fiesta	Forest	720	565	-155	false	599	599	41	50	3	2026-02-11 16:24:54.987+01
340584f6	340584f6-1fc5-4dce-afe2-1ba96c387615	Slayer:Arena Super Fiesta	Bazaar	720	565	-155	false	603	603	50	42	2	2026-02-08 21:22:37.294+01
4679dc36	4679dc36-2dc6-45f5-81be-ded989ee1eb2	Arena:Team Slayer	Solution	720	565	-155	false	595	595	50	41	3	2025-10-23 22:28:40.156+02
19a82f75	19a82f75-dbca-4799-bd08-2ef753d9e1c4	Slayer:Arena Super Fiesta	Forbidden	720	565	-155	false	597	597	46	50	1	2026-03-14 12:06:15.881+01
3b289bd8	3b289bd8-f4bd-410c-aab4-e03f1344a430	CTF:Arena	Takamanohara	720	565	-155	false	613	613	3	0	1	2026-01-17 15:06:29.427+01
c6d12fd4	c6d12fd4-311e-4df8-86ac-3b97ad5dc05b	Slayer:Arena Super Fiesta	Cliffhanger	720	564	-156	false	585	585	50	41	1	2026-03-16 19:03:03.039+01
dae9cc00	dae9cc00-a638-4b3c-8a90-4421c7ee8f69	Team Slayer:Arena	Solution	720	564	-156	false	565	565	44	50	2	2025-11-03 20:59:49.703+01
3fdf9acb	3fdf9acb-7307-4444-9115-f05d4dcffbe8	Slayer:Arena Super Fiesta	Behemoth	720	564	-156	false	586	586	47	50	3	2026-02-18 14:54:11.519+01
7344d24f	7344d24f-0154-4949-80ad-e2b781c122f1	Strongholds:Arena	Vagabond	720	564	-156	false	596	596	193	112	1	2026-02-05 21:36:58.804+01
c32b79dc	c32b79dc-2678-430c-9921-3c69e333b333	Slayer:Arena	The Pit	720	563	-157	false	610	610	50	25	1	2025-12-20 14:22:15.899+01
d99e5dbd	d99e5dbd-500d-407e-bc3b-86be0053624e	Slayer:Arena Super Fiesta	Launch Site	720	563	-157	false	564	564	33	50	3	2026-02-15 18:26:07.76+01
a369d669	a369d669-518b-47ae-b56e-4901c63409aa	Slayer:Arena	Goliath	720	563	-157	false	593	592	50	48	2	2025-12-01 20:52:10.099+01
0fdc6b7d	0fdc6b7d-eb7c-4109-be48-1a1533a62c97	Slayer:Arena	Snowbound	720	562	-158	false	594	594	50	36	8	2025-12-09 21:25:14.982+01
3e394746	3e394746-ba1c-4eaf-bbcf-5cde0c444622	Slayer:Arena Super Fiesta	Forest	720	562	-158	false	579	579	50	43	1	2026-03-22 20:10:26.74+01
0ae3b0a1	0ae3b0a1-189b-4100-8565-4d4a6d8e1b8a	Team Slayer:Arena	Forest	720	562	-158	false	596	596	50	27	1	2025-12-08 21:35:54.748+01
57a5df63	57a5df63-51dc-408c-8883-607f24623a53	CTF:Arena	Origin	720	562	-158	false	613	613	3	0	3	2025-12-15 21:40:26.217+01
18ad5c88	18ad5c88-6c49-4882-8c99-76e836e80b60	Slayer:Arena	Illusion	720	560	-160	false	588	588	45	50	2	2025-11-03 20:48:12.42+01
331ff98d	331ff98d-de99-4272-b92b-def1e7d339d5	CTF:Arena	Domicile	720	560	-160	false	561	560	3	2	2	2025-11-29 21:12:28.049+01
72ba662a	72ba662a-8c20-4f57-a0f2-962f65980c91	Slayer:Arena	Curfew	720	559	-161	false	608	608	50	46	1	2026-03-19 12:20:37.605+01
32a37698	32a37698-0658-45b8-a3f8-ae4ddf1e0b8e	Slayer:Arena Super Fiesta	Behemoth	720	559	-161	false	577	577	50	43	2	2026-02-10 20:54:57.181+01
36ce2e1a	36ce2e1a-bc96-4f11-8a38-1e331c6d5f21	Team Slayer:Arena	Domicile	720	559	-161	false	593	593	44	50	7	2026-02-18 22:18:20.565+01
e1bdb97f	e1bdb97f-5cb6-4ea9-b0ac-ad1a1573f049	Slayer:Arena Super Fiesta	Behemoth	720	559	-161	false	590	590	50	45	3	2026-02-17 18:41:27.879+01
e3b10d4b	e3b10d4b-2121-4010-88c2-92f69f1f51e4	Slayer:Arena Super Fiesta	Behemoth	720	559	-161	false	586	586	50	44	1	2026-03-17 20:58:56.733+01
b6fe9d90	b6fe9d90-4fec-476d-893f-bf8479a25c2c	Team Slayer:Arena	Shiro	720	559	-161	false	619	619	50	46	2	2026-02-13 12:56:12.198+01
92d81b6d	92d81b6d-04a6-4791-84fe-80559c47e5f6	Slayer:Arena Super Fiesta	Catalyst	720	558	-162	false	584	584	50	40	3	2026-02-12 17:39:31.927+01
83079aa2	83079aa2-088a-4107-a750-cf916054ea4f	Team Slayer:Arena	Catalyst	720	557	-163	false	608	608	50	47	3	2025-11-25 21:50:48.983+01
9cd49bbf	9cd49bbf-c69b-48d7-ad17-546219aa401b	Team Slayer:Arena	Nemesis	720	556	-164	false	608	607	49	50	2	2026-01-04 15:04:37.791+01
f7270782	f7270782-01c2-47c8-8f13-7dfad815b5fb	Slayer:Arena Super Fiesta	Illusion	720	555	-165	false	583	583	47	50	3	2026-02-18 17:34:23.925+01
ea24327b	ea24327b-f507-49d1-9a7b-b0ba5f5dedc4	Team Slayer:Arena	Illusion	720	554	-166	false	578	578	46	50	1	2026-01-04 20:04:14.037+01
795c7f1e	795c7f1e-e24f-4eae-ad13-dc5771fd0b1d	Slayer:Arena Super Fiesta	Illusion	720	553	-167	false	576	576	48	50	1	2025-12-20 11:37:06.091+01
573af347	573af347-8ffa-4329-b2ef-93cc560aa658	Arena:Slayer	Sylvanus	720	553	-167	false	596	596	46	50	3	2025-10-23 21:20:09.149+02
6b142592	6b142592-8fe6-44e1-9ecd-2f16ee2b2bc5	Slayer:Arena Super Fiesta	Prism	720	553	-167	false	554	554	45	50	3	2026-02-19 18:49:47.176+01
64f405f9	64f405f9-5959-4cc7-a5e1-afdb94d21fc8	Slayer:Arena Super Fiesta	Bazaar	720	553	-167	false	580	580	50	44	1	2026-03-17 20:20:25.871+01
5b2a96e6	5b2a96e6-e0bc-4b1d-bb92-59310888c0d5	Slayer:Arena	Prism	720	552	-168	false	588	588	50	43	1	2026-01-13 23:37:00.001+01
d7e0d591	d7e0d591-9232-404a-8b22-236dae97dfd0	Arena:Slayer	Origin	720	552	-168	false	584	584	43	50	3	2025-10-13 22:46:09.544+02
1110a35a	1110a35a-f7c3-48bb-93fd-bda8ccba1682	Slayer:Arena	The Pit	720	552	-168	false	577	577	50	44	1	2025-12-25 17:07:23.599+01
0506e94b	0506e94b-12fb-4d8e-87ae-10a8fdf2aa39	Team Slayer:Arena	Argyle	720	551	-169	false	588	588	50	37	1	2026-01-14 21:18:46.979+01
a2a023cf	a2a023cf-9be4-4938-bd97-eab856bfd59f	Slayer:Arena Super Fiesta	Illusion	720	551	-169	false	582	582	50	45	2	2026-02-08 21:09:22.731+01
630c78f2	630c78f2-e182-45ee-b6e2-fc339078b624	Team Slayer:Arena	Argyle	720	551	-169	false	579	579	50	42	1	2025-12-25 16:51:15.123+01
f3e3112f	f3e3112f-c5ee-49db-8619-102b2ef63681	Slayer:Arena Super Fiesta	Behemoth	720	551	-169	false	586	586	50	43	3	2026-02-15 18:36:53.516+01
f4bf70d0	f4bf70d0-4bd6-45eb-b685-e56b83def98d	Team Slayer:Arena	Sylvanus	720	550	-170	false	579	579	50	43	3	2025-12-18 22:02:50.783+01
8e8865cf	8e8865cf-ce7f-424f-a646-eefce19e31a0	Arena:Team Slayer	Fortress	720	550	-170	false	597	596	50	47	2	2025-10-26 17:53:37.993+01
2b8aa0b9	2b8aa0b9-b1e3-4d0c-8793-2c2ae6f5729f	Team Slayer:Arena	The Pit	720	550	-170	false	551	551	42	50	1	2026-02-05 22:02:13.618+01
3277e050	3277e050-dcfc-4bed-a6c5-8d23f727ca15	Arena:Team Slayer	Sylvanus	720	549	-171	false	586	586	26	50	3	2025-10-20 21:06:07.825+02
bea2e2c0	bea2e2c0-99c9-4e96-8856-ea6d176c6ec2	Slayer:Arena Super Fiesta	Cliffhanger	720	549	-171	false	574	574	50	48	1	2025-12-28 16:43:59.079+01
aa027af8	aa027af8-8540-4f2c-adbd-9b594546d17e	Slayer:Arena	Sylvanus	720	548	-172	false	584	584	41	50	2	2026-01-27 23:23:33.475+01
f10237b1	f10237b1-fb5a-4124-b10b-4400aa228f8e	Slayer:Arena	Dredge	720	548	-172	false	579	579	50	45	3	2025-12-18 22:13:41.425+01
a974fdeb	a974fdeb-56ba-47fc-9a7b-7ff009958fd1	Slayer:Arena	Ecotone	720	548	-172	false	575	575	37	50	2	2026-03-18 22:55:15.122+01
71aec175	71aec175-974b-40c7-9ac6-b2085f03a616	Slayer:Arena Super Fiesta	Chasm	720	548	-172	false	549	549	38	50	3	2026-02-16 22:16:22.815+01
fccc61cd	fccc61cd-285d-4ccd-be82-908c348cbf69	Slayer:Arena Super Fiesta	Launch Site	720	545	-175	false	567	567	48	50	0	2026-07-24 21:40:04.11+02
1bc77d2e	1bc77d2e-bb3a-4345-b76c-f14b79856a6c	CTF:Arena	Starboard	720	545	-175	false	601	601	3	2	3	2026-02-18 22:31:05.248+01
d9329229	d9329229-693f-429c-a84c-3fd2784bcf4a	Team Slayer:Arena	Streets	720	545	-175	false	546	546	50	47	3	2026-03-01 22:47:55.589+01
5a5cf973	5a5cf973-26b3-43b6-b638-e25bb0e7d376	Team Slayer:Arena	The Pit	720	545	-175	false	573	573	39	50	3	2026-03-01 21:49:48.517+01
189d1c23	189d1c23-b006-421a-9515-f978edc0dc45	Slayer:Arena Super Fiesta	Bazaar	720	544	-176	false	565	565	49	50	1	2026-02-01 18:52:07.152+01
65bab728	65bab728-c1e7-405b-a7d8-6de6f506fd03	Slayer:Arena Super Fiesta	Illusion	720	544	-176	false	545	545	46	50	3	2026-02-11 18:11:14.84+01
972cdbc6	972cdbc6-a45e-491a-9e07-7d88f0821715	Arena:Slayer	Takamanohara	720	544	-176	false	584	584	47	50	2	2025-10-22 19:31:34.09+02
f1bcda31	f1bcda31-0141-41fe-b68a-5ecd758ecbef	Slayer:Arena Super Fiesta	Launch Site	720	543	-177	false	566	566	48	50	3	2026-02-16 21:36:05.412+01
762c276c	762c276c-ac46-4917-9413-18e751015ec1	Slayer:Arena	Detachment	720	543	-177	false	609	609	50	36	1	2026-03-14 22:32:15.909+01
cc704f13	cc704f13-73a3-465b-b1ca-0a08731fae1d	Team Slayer:Arena	Cliffhanger	720	543	-177	false	544	543	50	39	2	2025-11-09 21:39:08.156+01
4013dc34	4013dc34-c9e9-4c1c-b069-6002511cb2db	Team Slayer:Arena	Perilous	720	542	-178	false	566	566	50	46	2	2026-03-18 22:08:19.265+01
b03e3ebe	b03e3ebe-4ec2-4f1f-b994-97e42721226d	Slayer:Arena Super Fiesta	Chasm	720	542	-178	false	576	576	49	50	3	2026-02-17 18:16:36.758+01
58646783	58646783-e58a-4525-a715-9b023410ae9e	Team Slayer:Arena	The Pit	720	542	-178	false	573	572	50	37	2	2026-01-02 21:24:06.729+01
f2f81265	f2f81265-3a81-445b-beac-537c902d7b60	Slayer:Arena	Perilous	720	541	-179	false	582	582	48	50	2	2026-03-18 22:43:58.119+01
652907bb	652907bb-7bf2-4539-9a03-b610d73ab265	Team Slayer:Arena	Illusion	720	541	-179	false	563	562	39	50	2	2025-11-29 20:59:33.816+01
8778233d	8778233d-0d07-4d8e-a82f-1b568ed3a2d4	Slayer:Arena	Houseki	720	541	-179	false	587	587	50	36	1	2025-12-10 08:51:33.66+01
367f622d	367f622d-9de1-4945-b90c-713d3f34a4b2	Slayer:Arena Super Fiesta	Prism	720	540	-180	false	571	571	50	42	1	2025-12-22 16:14:08.46+01
eaed079b	eaed079b-2e31-4df6-8978-e0b13b3a9cf1	Team Slayer:Arena	Perilous	720	540	-180	false	572	572	50	49	8	2026-01-08 22:01:04.644+01
c237d980	c237d980-cf75-47bc-8128-a8fa0a1aa99d	Team Slayer:Arena	Chasm	720	540	-180	false	541	541	50	26	1	2026-03-05 19:29:00.673+01
0edb8512	0edb8512-5e37-4160-95e2-0a8d0d05f80e	Team Slayer:Arena	Aquarius	720	539	-181	false	559	559	50	43	2	2025-12-11 21:18:14.795+01
e13b44cc	e13b44cc-494e-45a5-a3cd-f73f6b10a325	Slayer:Arena Super Fiesta	Illusion	720	539	-181	false	570	570	50	45	1	2025-12-22 17:26:27.272+01
1acccf57	1acccf57-7311-466f-affd-45e679a16d2f	Team Slayer:Arena	Origin	720	539	-181	false	570	570	43	50	2	2026-03-24 22:45:16.674+01
0e697aca	0e697aca-550b-4fc9-b6f2-df7989e65bc0	Slayer:Arena Super Fiesta	Bazaar	720	539	-181	false	540	540	50	41	2	2026-03-05 21:09:05.746+01
75df32f4	75df32f4-89a9-4550-b9df-2b59dbbd5640	Slayer:Arena Tactical	High Ground	720	539	-181	false	599	599	50	49	1	2026-01-13 23:50:08.866+01
511b6ea4	511b6ea4-9e97-4c1c-987f-9cbdf4bf5da6	Slayer:Arena	Streets	720	538	-182	false	575	575	46	50	1	2026-03-05 20:15:25.986+01
4aa3a9b5	4aa3a9b5-068a-4d7c-935f-46a808f545c9	Slayer:Arena	Nemesis	720	538	-182	false	594	593	42	50	1	2026-01-21 22:39:10.105+01
e8351cdb	e8351cdb-0f60-48f8-99fd-53d77f8406c7	Slayer:Arena	Live Fire	720	537	-183	false	560	560	46	50	1	2026-02-16 13:42:09.598+01
a2c761c7	a2c761c7-786c-4e63-9018-2807a0b31996	Slayer:Arena	Kaiketsu	720	537	-183	false	583	583	45	50	1	2025-12-25 17:24:12.847+01
a67226ff	a67226ff-98c0-4dff-9ac7-5a24ed3f3e6f	Slayer:Arena Super Fiesta	Catalyst	720	537	-183	false	559	559	46	50	1	2026-01-26 19:45:58.127+01
89c97918	89c97918-9363-4888-9b71-958d79f26368	Slayer:Arena Super Fiesta	Prism	720	537	-183	false	576	576	48	50	1	2026-01-09 20:25:42.381+01
4eff0e54	4eff0e54-9d96-4bb0-9d76-a6271f89465f	Team Slayer:Arena	Kiken'na	720	536	-184	false	537	537	40	50	1	2025-12-20 13:28:05.734+01
60ec0dfb	60ec0dfb-164c-4833-b2b3-19bf999fd247	Team Slayer:Arena	Illusion	720	536	-184	false	559	558	50	48	2	2025-12-01 21:03:43.21+01
58bc9540	58bc9540-2d7a-41bc-b4e3-1f04aeccf353	Slayer:Arena Super Fiesta	Forest	720	536	-184	false	573	573	35	50	3	2026-02-12 17:52:14.25+01
9126ddc0	9126ddc0-5a18-461b-bc11-3eef34fa8a5d	Slayer:Arena	Illusion	720	536	-184	false	568	568	38	50	1	2026-01-24 19:11:35.995+01
d332c3a9	d332c3a9-5eb8-4c9d-ab3d-0901e2eb47e4	Team Slayer:Arena	Behemoth	720	535	-185	false	558	558	41	50	8	2025-12-09 21:48:22.765+01
cd802d23	cd802d23-e6e8-40b8-944e-cf0d8e45e52a	Slayer:Arena Super Fiesta	Behemoth	720	535	-185	false	573	573	49	50	1	2026-03-10 20:00:28.187+01
55df2a12	55df2a12-ccbf-4f52-bf8c-6772632096f0	Team Slayer:Arena	Solution	720	535	-185	false	588	588	50	39	1	2026-02-01 18:21:35.493+01
acf6ad8b	acf6ad8b-ffbb-49a0-921d-915c646b5596	Strongholds:Arena	Goliath	720	535	-185	false	578	578	182	75	2	2026-03-03 22:19:22.624+01
dfa4e7e7	dfa4e7e7-fa31-464f-8eaa-9a8ed6293916	Slayer:Arena Super Fiesta	Behemoth	720	535	-185	false	588	588	50	41	3	2026-02-16 21:22:03.02+01
8645b9da	8645b9da-8255-428a-93b8-bb57f10d6b01	Slayer:Arena	Origin	720	534	-186	false	585	585	50	38	1	2026-03-10 18:38:44.015+01
55e6b269	55e6b269-ac45-4be5-aaa5-da4ff1e8e8f8	Team Slayer:Arena	Kiken'na	720	534	-186	false	535	535	39	50	1	2026-01-22 20:29:42.289+01
b63a98c6	b63a98c6-d27b-4ab1-b8ca-de51075f7c9f	Slayer:Arena Super Fiesta	Forbidden	720	533	-187	false	551	551	50	29	1	2026-01-02 19:42:57.341+01
46876d51	46876d51-17c1-4f25-9005-f5202c110b15	Team Slayer:Arena	Curfew	720	533	-187	false	558	558	48	50	1	2026-03-27 22:26:52.519+01
652af18b	652af18b-9c4b-4dc4-93dd-ea865e4ef977	Arena:Slayer	Goliath	720	533	-187	false	534	534	40	50	8	2025-10-20 21:48:23.636+02
02b172ab	02b172ab-c3c9-444b-b980-b87fcb3bbfab	Team Slayer:Arena	Absolution	720	532	-188	false	573	573	50	34	1	2025-11-27 18:50:20.149+01
e5cf66d6	e5cf66d6-918b-46da-b8cc-b26cbd6d2519	Team Slayer:Arena	Goliath	720	532	-188	false	576	576	50	46	1	2026-03-17 23:40:38.02+01
78281726	78281726-1aad-4262-bac8-5e1a347b8d93	Slayer:Arena	Recharge	720	532	-188	false	553	553	50	39	1	2025-12-10 08:28:43.119+01
696a9d7c	696a9d7c-009f-4750-8202-f1819947aa4e	Strongholds:Arena	Vagabond	720	532	-188	false	561	561	200	94	0	2026-07-17 21:19:48.829+02
02d39fa0	02d39fa0-3403-4ab2-9f04-d69845a87dbc	Slayer:Arena Super Fiesta	Forbidden	720	532	-188	false	533	533	50	39	3	2026-02-11 17:59:43.054+01
a1e89156	a1e89156-3a5e-4b29-977c-d9a4861a8317	Team Slayer:Arena	The Pit	720	532	-188	false	563	563	50	41	2	2026-03-18 21:35:29.481+01
f6a9d127	f6a9d127-0114-4fd5-bb09-d51412f5e4de	Strongholds:Arena	Illusion	720	532	-188	false	567	567	166	160	3	2026-01-21 21:35:08.303+01
b85c0a5f	b85c0a5f-3567-4a8f-b979-98d598822688	Arena:Slayer	Salvation	720	531	-189	false	561	561	50	33	2	2025-10-26 17:41:51.503+01
15d8d850	15d8d850-2fc7-4271-acec-e9af2eb2f21c	Slayer:Arena	Domicile	720	531	-189	false	588	588	41	50	1	2026-01-02 20:03:36.841+01
73858d05	73858d05-c65e-4e8e-9869-98806e9bfc33	Slayer:Arena Super Fiesta	Catalyst	720	530	-190	false	551	551	46	50	1	2026-03-22 15:21:33.208+01
44ef0f7b	44ef0f7b-d8f9-4483-b2df-2fa289ef54e9	Slayer:Arena	Absolution	720	530	-190	false	554	554	50	44	1	2026-01-08 19:34:11.981+01
f43acfd2	f43acfd2-186b-46fe-bc76-3fa875980dcb	Slayer:Arena	Detachment	720	529	-191	false	633	633	50	43	4	2026-02-10 22:19:17.306+01
9bfccad5	9bfccad5-6f8e-437c-9195-bc54ab3b6b15	Team Slayer:Arena	Forest	720	529	-191	false	530	530	50	36	3	2026-03-12 22:28:15.429+01
82f3af9f	82f3af9f-c0fa-477b-be9b-df240d62305d	Slayer:Arena Super Fiesta	Bazaar	720	529	-191	false	559	559	50	44	1	2026-03-18 19:17:23.202+01
a1f20336	a1f20336-40f8-4ac0-bc49-c6241821a207	Slayer:Arena	Illusion	720	529	-191	false	567	566	37	50	2	2025-11-29 20:37:34.235+01
de550699	de550699-ed03-4ad5-8eac-6c5a6ad8d7bb	Slayer:Arena Super Fiesta	Bazaar	720	528	-192	false	552	552	42	50	1	2026-03-21 19:50:47.431+01
e6613dcd	e6613dcd-53f8-4da0-a7f1-ea8ed719a513	Team Slayer:Arena	Empyrean	720	527	-193	false	554	554	43	50	3	2025-12-29 23:28:29.396+01
e5e1eff5	e5e1eff5-0bc7-470c-af58-9f8cfd97da36	Slayer:Arena	Dredge	720	527	-193	false	556	556	39	50	1	2026-02-01 16:57:37.365+01
21a2da9f	21a2da9f-9835-49df-ba7e-63a5d3ea8143	Team Slayer:Arena	Fortress	720	527	-193	false	557	556	50	49	2	2025-10-31 16:04:25.512+01
8a48a47f	8a48a47f-3f8a-4e04-b085-590708364084	Slayer:Arena Super Fiesta	Cliffhanger	720	527	-193	false	561	561	41	50	1	2026-01-19 17:20:22.84+01
c6f974fa	c6f974fa-03f0-4cda-b745-15b703e2d523	Slayer:Arena Super Fiesta	Forbidden	720	527	-193	false	528	528	50	37	1	2026-03-14 11:50:46.852+01
fdcc8634	fdcc8634-0511-4b9b-8955-5a6abe18908c	CTF:Arena	Chasm	720	526	-194	false	527	526	3	2	2	2026-01-02 20:53:28.19+01
6e4ac60a	6e4ac60a-cf2e-445f-b1c1-11092a9ddb1f	Slayer:Arena	Sylvanus	720	526	-194	false	558	558	50	46	2	2025-11-09 21:08:17.09+01
bf977d82	bf977d82-c1ae-4de0-9956-74c98ca5707d	Team Slayer:Arena	Houseki	720	526	-194	false	527	526	48	50	2	2025-12-01 21:25:32.868+01
b8ee2bbc	b8ee2bbc-1a2e-4e85-ba2f-bf83c9d16eae	Slayer:Arena Super Fiesta	Forbidden	720	525	-195	false	546	546	50	43	2	2026-03-05 19:40:56.689+01
a89a3d23	a89a3d23-4941-44de-af78-d4f33cc72858	Slayer:Arena Super Fiesta	Behemoth	720	525	-195	false	526	526	50	28	3	2026-02-15 19:21:39.514+01
c699836e	c699836e-db6e-499e-b678-902a671b9727	Team Slayer:Arena	Origin	720	524	-196	false	525	525	50	44	1	2026-02-03 15:32:46.377+01
5ff67008	5ff67008-ef41-4f28-a501-e5dc8b6df304	Slayer:Arena	Cliffhanger	720	524	-196	false	546	546	37	50	2	2026-03-03 21:58:16.928+01
981d972f	981d972f-b64f-4b1a-a7d7-cb8e7b0396de	Slayer:Arena	Shiro	720	524	-196	false	564	563	42	50	2	2025-11-01 21:21:41.712+01
d9238334	d9238334-f193-4ac9-94f2-0d65cf204ce2	Team Slayer:Arena	Origin	720	523	-197	false	556	556	50	48	3	2025-12-29 22:40:44.99+01
57ee590c	57ee590c-52ea-4656-bbeb-bcf4efa321f0	Team Slayer:Arena	Houseki	720	523	-197	false	550	550	50	39	1	2026-03-14 13:56:35.319+01
78d7affc	78d7affc-8d02-4354-b8c2-5be866ca706a	Team Slayer:Arena	Catalyst	720	522	-198	false	542	542	50	33	1	2026-01-28 18:42:00.507+01
684ca0cc	684ca0cc-134b-4763-85d1-e3d7281397cf	Team Slayer:Arena	Elevation	720	522	-198	false	552	552	50	43	1	2026-01-16 19:24:45.504+01
4e49d934	4e49d934-b030-414b-98de-8615551e25e1	Slayer:Arena Super Fiesta	Bazaar	720	522	-198	false	546	546	49	50	1	2026-03-11 20:54:16.328+01
cda71d0f	cda71d0f-b415-49cd-abc3-9031bd69b618	Slayer:Arena	Forest	720	522	-198	false	573	573	50	39	1	2026-02-05 21:49:55.483+01
dc0d9e19	dc0d9e19-e952-40d1-9399-78b88f4ac94b	Slayer:Arena	Catalyst	720	520	-200	false	541	541	22	50	1	2026-03-14 22:44:42.864+01
cc2035f9	cc2035f9-e867-45dd-aa64-721ef8df32c6	Team Slayer:Arena	Bazaar	720	519	-201	false	542	542	50	42	3	2026-03-12 22:49:27.406+01
b38f99d9	b38f99d9-d86b-4e64-927f-4e8141dbabbb	Slayer:Arena Super Fiesta	Forbidden	720	519	-201	false	549	549	50	48	1	2026-01-14 20:37:23.904+01
f5443e17	f5443e17-8355-41c8-baee-6c5b0c103442	Slayer:Arena	Shiro	720	518	-202	false	547	547	39	50	3	2025-12-15 21:30:07.641+01
d4230304	d4230304-1096-42f4-95a3-27d2dbb2693d	Strongholds:Arena	Cliffhanger	720	518	-202	false	541	541	143	187	2	2026-03-27 22:48:39.686+01
fc85b12a	fc85b12a-3f4a-436c-b307-50eeba0ebef8	Slayer:Arena Super Fiesta	Recharge	720	518	-202	false	554	554	36	50	1	2025-12-18 17:18:48.028+01
8f47559b	8f47559b-bd50-4e95-818f-1d04df65ff7e	Slayer:Arena	Forest	720	518	-202	false	519	519	26	50	3	2025-12-03 21:43:21.789+01
f235e2f1	f235e2f1-c8f5-43bb-8634-20a992b85b32	Slayer:Arena	Snowbound	720	518	-202	false	550	550	30	50	3	2026-04-06 22:01:36.847+02
2ef251ad	2ef251ad-302d-4a76-afff-57502d9d461c	CTF:Arena	Empyrean	720	517	-203	false	518	518	0	3	1	2026-03-13 13:05:12.671+01
540c623d	540c623d-2584-4d40-8767-b307f035d644	Slayer:Arena	Kiken'na	720	517	-203	false	544	544	42	50	2	2026-03-24 22:04:25.034+01
2f1c475e	2f1c475e-00c8-4f5f-a80d-7dbe3b7dcff1	Slayer:Arena Super Fiesta	Catalyst	720	516	-204	false	535	535	42	50	1	2026-01-25 16:09:57.043+01
506eede1	506eede1-55b6-4b7a-af26-408399f1bf28	Team Slayer:Arena	Snowbound	720	516	-204	false	550	549	50	32	2	2025-11-29 20:48:36.564+01
49e6248f	49e6248f-f5ab-4e29-8a1b-74f3c4b64d10	Slayer:Arena Super Fiesta	Illusion	720	516	-204	false	546	546	49	50	1	2026-03-22 19:41:43.68+01
e516dae1	e516dae1-85a4-43b8-91ae-a29c7f4d29a9	Slayer:Arena Super Fiesta	Chasm	720	516	-204	false	545	545	50	41	2	2026-02-07 15:05:43.649+01
d912604d	d912604d-ba10-4de2-8b39-bfddd1ecc95d	Team Slayer:Arena	Banished Narrows	720	516	-204	false	517	516	49	50	2	2025-10-31 15:24:32.125+01
1b1e380f	1b1e380f-705a-488c-a788-5656c759e111	Strongholds:Arena	Solitude	720	515	-205	false	554	554	189	61	1	2026-01-13 23:11:14.174+01
84c6dd42	84c6dd42-c7c7-4119-83ab-9266ca2ba273	Slayer:Arena Super Fiesta	Behemoth	720	515	-205	false	536	536	43	50	1	2026-02-03 15:55:52.647+01
0458aba1	0458aba1-65c8-474e-bfe8-a4bcc96ba95f	Team Slayer:Arena	Goliath	720	514	-206	false	541	541	50	38	3	2026-03-12 22:38:42.514+01
1c5a56a8	1c5a56a8-134b-4fca-9327-79b17dcc6ddc	Team Slayer:Arena	Curfew	720	514	-206	false	542	542	50	47	2	2025-10-31 17:05:45.208+01
bf1a5583	bf1a5583-f54c-45c5-bf97-34ce900b0fc4	Team Slayer:Arena	Dynasty	720	513	-207	false	555	555	34	50	3	2025-11-25 22:30:04.395+01
fd87a22e	fd87a22e-392f-4c19-b2ed-617626c1e116	Slayer:Arena Super Fiesta	Recharge	720	512	-208	false	541	541	50	42	3	2026-02-11 18:34:43.528+01
ade6c182	ade6c182-b91b-40b6-bb65-d19866982f92	Strongholds:Arena	Live Fire	720	512	-208	false	537	537	88	195	5	2026-02-11 21:24:44.486+01
0f53c2da	0f53c2da-0f92-4203-8e58-8f1944df252c	Slayer:Arena	Goliath	720	512	-208	false	547	546	50	47	2	2025-11-09 21:19:21.098+01
369bb77f	369bb77f-d1ef-490d-ae53-a97b1e657ff2	Strongholds:Arena	Snowbound	720	512	-208	false	542	542	130	161	3	2025-12-29 23:48:47.884+01
fa553373	fa553373-5040-4184-9340-24ff2d5bcfd1	Team Slayer:Arena	Live Fire	720	512	-208	false	572	572	46	50	1	2025-12-23 18:51:28.731+01
b4c244d7	b4c244d7-a5e1-4507-bf55-68692697d8ca	Slayer:Arena Super Fiesta	Cliffhanger	720	510	-210	false	539	539	50	38	1	2026-03-15 16:19:02.912+01
9261dd68	9261dd68-8d86-445a-9845-59a79ded13f7	Slayer:Arena Super Fiesta	Forbidden	720	510	-210	false	543	543	50	48	2	2026-02-10 20:22:25.101+01
e3c2cabe	e3c2cabe-e8c8-41ee-ab72-03018dfbc630	Team Slayer:Arena	Solitude	720	510	-210	false	543	542	50	34	2	2026-01-04 14:36:26.203+01
da714bb9	da714bb9-2e2a-4d15-bedf-2d67723725f3	Slayer:Arena Super Fiesta	Prism	720	510	-210	false	547	547	42	50	3	2026-02-11 16:12:13.638+01
221dd082	221dd082-0896-49e8-bce9-32264613cc8a	Arena:Team Slayer	Absolution	720	509	-211	false	546	546	50	38	8	2025-10-13 22:12:30.479+02
648e00dc	648e00dc-70de-4447-a60e-f6f81d530081	Slayer:Arena	Salvation	720	508	-212	false	559	559	47	50	3	2025-12-03 21:18:04.055+01
0fb54513	0fb54513-7f6f-4ae1-af55-045002cd34e9	Slayer:Arena	Recharge	720	508	-212	false	527	527	39	50	3	2025-12-29 22:07:51.977+01
2acc306f	2acc306f-da41-41e3-8dfd-9e12ab1c9926	CTF:Arena	Illusion	720	507	-213	false	536	536	0	3	2	2026-03-18 21:58:05.568+01
28109472	28109472-2d47-4242-bdd7-0a5256e65e26	Slayer:Arena	Cliffside	720	506	-214	false	560	560	50	29	1	2026-01-18 16:03:03.705+01
9d19c7af	9d19c7af-4815-4e67-8a23-46ed21364172	Slayer:Arena	Banished Narrows	720	506	-214	false	534	534	50	37	2	2026-03-24 21:20:25.379+01
31d5e7e7	31d5e7e7-cd9d-43db-9bd9-517aa4b50ddb	Slayer:Arena Super Fiesta	Forbidden	720	506	-214	false	507	507	50	32	1	2026-01-17 15:18:42.614+01
e869bcdf	e869bcdf-a3db-4bff-b1b0-1eabe00befff	Slayer:Arena Super Fiesta	Illusion	720	506	-214	false	507	507	50	42	3	2026-02-17 22:19:31.978+01
6443c190	6443c190-6a71-4865-9a5d-e77772f5702f	Team Slayer:Arena	Elevation	720	505	-215	false	538	538	50	44	3	2026-02-05 22:52:17.348+01
7f684989	7f684989-0d18-4324-bb9a-d6047bed611a	Slayer:Arena Super Fiesta	Prism	720	505	-215	false	535	536	50	47	1	2026-03-17 20:09:02.908+01
53a3768e	53a3768e-4619-45dc-8964-00bf968280dd	Slayer:Arena Super Fiesta	Bazaar	720	505	-215	false	531	531	50	47	3	2026-02-17 22:07:19.707+01
b8367114	b8367114-ecea-4608-83bc-0d781577112c	Team Slayer:Arena	Nemesis	720	504	-216	false	536	536	50	44	2	2025-11-01 22:05:08.485+01
5f2f5ae8	5f2f5ae8-ad2a-4c1e-a7c7-92325568fcc7	Team Slayer:Arena	Shogun	720	504	-216	false	535	535	46	50	2	2026-03-03 23:05:52.965+01
2e7ba9d8	2e7ba9d8-2e71-4913-a291-4f7fc96046fc	Slayer:Arena	Starboard	720	504	-216	false	550	550	50	45	1	2025-12-19 00:01:02.802+01
a4875c0a	a4875c0a-76b1-403a-9501-8eb8adb801c2	Team Slayer:Arena	Banished Narrows	720	504	-216	false	532	531	50	48	2	2025-12-01 21:36:02.491+01
4b853ff2	4b853ff2-f787-4a04-8a6b-010db70adebd	Slayer:Arena Super Fiesta	Catalyst	720	504	-216	false	524	524	44	50	2	2026-02-09 21:31:32.726+01
4f1639b2	4f1639b2-a433-4f86-b5b8-0d9304d9e13b	Slayer:Arena Super Fiesta	Illusion	720	504	-216	false	522	522	49	50	2	2026-03-05 20:01:57.518+01
21468645	21468645-be17-4020-a203-0b6b1e429cdd	Slayer:Arena Super Fiesta	Behemoth	720	503	-217	false	504	504	50	40	3	2026-02-17 18:05:57.166+01
edf7983b	edf7983b-9310-4e5f-8106-68de97a9ba41	Team Slayer:Arena	Forbidden	720	503	-217	false	550	550	50	24	3	2025-12-15 21:19:02.293+01
bdb35a18	bdb35a18-b304-4488-b84f-90539488ba61	Slayer:Arena Super Fiesta	Prism	720	501	-219	false	526	526	41	50	1	2026-03-10 19:34:04.965+01
00502e52	00502e52-50cf-43dc-9c29-38e40ec3ab5a	Slayer:Arena Super Fiesta	Bazaar	720	501	-219	false	544	544	45	50	3	2026-02-17 21:33:26.821+01
0762ae7c	0762ae7c-90da-41d2-81a4-2b01c7a78701	Slayer:Arena Super Fiesta	Cliffhanger	720	501	-219	false	535	535	47	50	3	2026-02-11 20:47:48.282+01
5533cac8	5533cac8-7f16-4572-943e-74ed122672a8	Slayer:Arena	Kaiketsu	720	501	-219	false	542	542	50	47	2	2026-03-24 22:15:29.356+01
eb109229	eb109229-456d-4153-a47a-7fa9dc676855	Slayer:Arena Super Fiesta	Illusion	720	500	-220	false	520	520	50	47	3	2026-02-11 17:46:14.135+01
28d77409	28d77409-591c-48bc-9d86-4d94ff6172e7	Strongholds:Arena	Forest	720	500	-220	false	536	536	78	178	1	2025-12-10 09:19:18.121+01
e721b517	e721b517-0771-40ef-86eb-d4aafb22f075	Slayer:Arena	Snowbound	720	500	-220	false	543	543	50	22	1	2026-02-04 20:01:19.438+01
ac041ffa	ac041ffa-0b91-404b-af41-fc75f6e0f898	Slayer:Arena Super Fiesta	Illusion	720	499	-221	false	531	531	50	46	3	2026-02-16 22:01:39.927+01
6802effb	6802effb-e0b4-4338-a08c-58aa6669ba43	Slayer:Arena	Streets	720	499	-221	false	500	499	44	50	2	2025-11-29 20:27:34.746+01
19e3ad79	19e3ad79-1c81-4c1c-8e42-523c73de1770	Slayer:Arena Super Fiesta	Prism	720	498	-222	false	516	516	50	46	3	2026-02-17 22:30:48.598+01
8547930b	8547930b-d297-45c3-b4a1-04c318a329f8	Slayer:Arena Super Fiesta	Prism	720	498	-222	false	519	519	50	33	1	2026-03-14 12:36:19.843+01
8171b141	8171b141-4797-4592-82d9-929592b9ec9b	Team Slayer:Arena	High Ground	720	498	-222	false	499	499	31	50	2	2026-03-27 23:13:09.575+01
4c3ba69d	4c3ba69d-b092-4c95-beda-5fa914666503	Slayer:Arena Super Fiesta	Catalyst	720	498	-222	false	499	499	50	47	1	2026-01-29 16:46:03.362+01
0e64e07b	0e64e07b-2cb4-452e-a153-c7c087d2523d	Slayer:Arena Super Fiesta	Bazaar	720	498	-222	false	530	530	50	46	1	2026-01-26 19:01:02.169+01
153a82d6	153a82d6-d26d-4ed8-9bf2-d5af28d79013	Slayer:Arena Super Fiesta	Illusion	720	498	-222	false	516	516	50	37	1	2026-01-24 19:24:12.533+01
d77fab11	d77fab11-4951-4117-a051-fd927e5f3a86	Slayer:Arena	Empyrean	720	497	-223	false	525	525	45	50	3	2025-12-18 22:37:54.74+01
e026f68a	e026f68a-70f7-4451-be10-d61552911a49	Slayer:Arena	Origin	720	497	-223	false	540	540	47	50	3	2026-03-12 23:11:08.311+01
0aa83998	0aa83998-baf8-4274-b916-9e3590c7c4ce	Team Slayer:Arena	Prism	720	497	-223	false	520	520	50	45	2	2025-12-11 21:08:12.7+01
b891ebcd	b891ebcd-5b22-41a1-82e6-ad250393c59b	Team Slayer:Arena	Salvation	720	496	-224	false	546	546	50	31	2	2026-03-24 21:43:05.132+01
f031fe5e	f031fe5e-cb83-4036-933e-533c29d5eca8	Team Slayer:Arena	The Pit	720	496	-224	false	525	524	50	44	2	2025-12-01 20:31:20.381+01
446dc63b	446dc63b-8a5d-4071-83d8-98f05135fc5b	Team Slayer:Arena	Shiro	720	495	-225	false	522	521	35	50	2	2025-11-29 21:23:30.261+01
b955bf2a	b955bf2a-7253-4f7f-ac04-b74b0559715d	Team Slayer:Arena	Shiro	720	494	-226	false	524	524	26	50	0	2026-07-07 22:55:52.718+02
63d6f727	63d6f727-d6a6-42ff-a8ba-821d4bc12060	Team Slayer:Arena	Shiro	720	494	-226	false	523	523	50	36	3	2026-03-01 22:26:11.256+01
7da6e3f0	7da6e3f0-292b-4404-8699-429913b9283f	Slayer:Arena	Behemoth	720	494	-226	false	513	513	50	25	1	2026-01-21 19:37:06.609+01
a5975e9e	a5975e9e-8542-4b77-a1f7-20fde395571c	Team Slayer:Arena	Curfew	720	494	-226	false	518	518	42	50	3	2026-04-06 23:11:58.356+02
3d79e078	3d79e078-398a-48a0-9f43-208484038b67	Team Slayer:Arena	Origin	720	493	-227	false	527	527	47	50	3	2025-11-25 22:43:56.536+01
8805832c	8805832c-df6c-4ea1-8aed-141f92905925	Team Slayer:Arena	Chasm	720	493	-227	false	513	513	50	28	1	2026-01-19 20:06:11.753+01
83876c19	83876c19-5505-44bc-a75d-d7f3f1a1105d	Slayer:Arena Super Fiesta	Forest	720	493	-227	false	513	513	50	44	1	2026-03-11 21:05:42.226+01
dae93c49	dae93c49-e825-49bd-aaf9-3adcd8d75453	Team Slayer:Arena	Recharge	720	493	-227	false	494	494	50	28	1	2026-01-04 19:33:21.252+01
da3bcc3f	da3bcc3f-69de-4d8a-97d0-c611b4924af7	CTF:Arena	Shiro	720	493	-227	false	524	524	0	3	3	2025-12-18 22:57:37.786+01
ae9c32df	ae9c32df-7f03-49eb-bec2-fdd717dc1ab3	Slayer:Arena Super Fiesta	Illusion	720	492	-228	false	493	493	50	47	3	2026-02-11 16:50:25.645+01
1053f38c	1053f38c-ad38-4b0d-b3e7-42c1fcca4696	Slayer:Arena Super Fiesta	Catalyst	720	492	-228	false	511	511	50	37	3	2026-02-17 18:30:12.387+01
5a3dde42	5a3dde42-f0de-4a6f-86fe-621614a029ec	Slayer:Arena Super Fiesta	Prism	720	492	-228	false	520	520	33	50	2	2026-03-06 21:21:11.521+01
ebfb64f2	ebfb64f2-9db0-4ae0-b0fd-d0611b7a3d7a	Slayer:Arena Super Fiesta	Chasm	720	491	-229	false	509	509	46	50	2	2026-03-08 21:51:51.122+01
9669e5a2	9669e5a2-165c-4751-9bbe-dd2b8232868a	Slayer:Arena	Bazaar	720	491	-229	false	532	532	42	50	2	2025-10-29 21:51:16.755+01
147ffd4d	147ffd4d-3d1d-4b90-a46d-5570009f8c36	Slayer:Arena Super Fiesta	Bazaar	720	491	-229	false	530	530	50	36	2	2026-03-06 21:09:17.436+01
73839c9c	73839c9c-d9bf-40c4-a6a4-44c392c474d5	Team Slayer:Arena	Takamanohara	720	491	-229	false	537	537	41	50	1	2026-01-14 20:57:51.707+01
c6db0991	c6db0991-3880-49a1-affb-bb7bd3c3e520	Slayer:Arena	The Pit	720	490	-230	false	539	539	39	50	2	2025-11-03 21:46:48.264+01
e44bfaaa	e44bfaaa-877b-4893-99c0-aa94271bb8e9	Slayer:Arena Super Fiesta	Bazaar	720	490	-230	false	525	525	50	47	3	2026-02-20 17:35:56.929+01
0f645324	0f645324-eaef-485c-86fe-fb49f2e550de	Slayer:Arena Super Fiesta	Forbidden	720	490	-230	false	491	491	50	29	3	2026-02-17 14:35:45.275+01
f795dbb3	f795dbb3-b7fd-4d9e-8526-9d6f325b9a5c	Slayer:Arena Super Fiesta	Prism	720	490	-230	false	491	491	50	49	2	2026-02-08 20:23:52.127+01
5afc79f0	5afc79f0-eaac-4b31-a671-5884c68a04e4	Team Slayer:Arena	Dredge	720	489	-231	false	518	518	50	46	2	2026-03-24 21:54:05.533+01
30623772	30623772-da2e-406a-9896-4adf813d2e09	Team Slayer:Arena	Kiken'na	720	489	-231	false	516	516	38	50	2	2026-03-18 21:46:21.035+01
cfb85a58	cfb85a58-c866-462e-8ff7-4e1345f12898	CTF:Arena	Nemesis	720	489	-231	false	527	527	2	3	3	2026-01-12 23:16:50.967+01
cc493291	cc493291-9878-460e-afa5-a1b1e68780c1	Slayer:Arena Super Fiesta	Forest	720	489	-231	false	510	510	43	50	2	2026-03-05 20:12:44.273+01
6bcab9ad	6bcab9ad-a5c7-43ef-9121-3c6cd39cd42d	Slayer:Arena	Shiro	720	488	-232	false	533	533	34	50	1	2025-12-20 18:27:23.125+01
ddccdf23	ddccdf23-8107-4657-828a-dc523893da28	Slayer:Arena Super Fiesta	Prism	720	488	-232	false	509	509	45	50	3	2026-02-16 22:41:07.477+01
503bf3bb	503bf3bb-95d8-4fa1-88bc-388447ce67d3	Slayer:Arena Super Fiesta	Chasm	720	488	-232	false	489	489	50	48	1	2026-01-25 16:44:38.876+01
e624c2a4	e624c2a4-973f-4505-a6ca-2a6aecef120c	Slayer:Arena Super Fiesta	Behemoth	720	488	-232	false	514	514	50	40	3	2026-02-18 18:00:28.75+01
8e9fca5f	8e9fca5f-8156-4fec-b8f6-d002963c45d3	Strongholds:Arena	Fortress	720	488	-232	false	489	489	91	197	1	2025-12-06 13:25:34.259+01
aa415da6	aa415da6-37b2-4a38-bd6d-1f9b63ee01b5	Slayer:Arena	Opulence	720	487	-233	false	522	522	48	50	1	2026-03-01 23:01:51.629+01
ddac1f87	ddac1f87-b55f-429f-8d5a-f8df6a84a51b	Strongholds:Arena	Prism	720	487	-233	false	510	509	119	199	3	2026-01-21 21:50:15.183+01
f80cdf71	f80cdf71-9c12-4f95-8f40-24e9f942c3f2	Team Slayer:Arena	Elevation	720	486	-234	false	531	531	50	42	1	2026-02-05 21:25:20.689+01
5cd53279	5cd53279-5773-410b-9a3e-55fcaa4a1cb2	Arena:Team Slayer	Streets	720	486	-234	false	512	512	45	50	8	2025-10-20 21:37:59.536+02
4787a577	4787a577-c9c0-40ce-a0d1-56fe767822ab	Team Slayer:Arena	Solution	720	484	-236	false	516	516	43	50	3	2026-03-12 23:01:04.065+01
2d1c56ba	2d1c56ba-010a-4e55-b740-d143063a7d63	Slayer:Arena	Detachment	720	484	-236	false	513	513	41	50	3	2025-11-06 22:59:03.432+01
5fe3f9a2	5fe3f9a2-0235-4988-8427-07231c8c9330	Slayer:Arena Super Fiesta	Recharge	720	483	-237	false	484	484	36	50	1	2026-03-14 11:25:26.816+01
9bd507b8	9bd507b8-c788-4903-810d-f7b7bfaefb77	Slayer:Arena Super Fiesta	Chasm	720	483	-237	false	505	505	50	43	3	2026-02-15 17:43:04.162+01
c7d40d45	c7d40d45-c7bb-497c-bf0e-19e5c4e46139	Arena:Slayer	Bazaar	720	483	-237	false	506	506	45	50	3	2025-10-23 22:17:49.143+02
603479b1	603479b1-0d14-4689-8dde-f37a7183ab21	Slayer:Arena Super Fiesta	Cliffhanger	720	482	-238	false	514	514	50	45	1	2026-01-18 15:28:04.149+01
6867eaaf	6867eaaf-f11e-4d74-89b5-55efa1c983bc	Team Slayer:Arena	Cliffhanger	720	481	-239	false	482	482	50	37	3	2025-12-15 23:17:24.272+01
7863ad21	7863ad21-e04c-49b6-afcd-b01a896cabaa	Team Slayer:Arena	Dredge	720	481	-239	false	509	509	50	38	2	2025-12-11 20:56:44.239+01
254c0327	254c0327-95b8-48c0-ba6f-212a3be01f7b	Slayer:Arena	Ecotone	720	480	-240	false	509	509	44	50	2	2026-03-27 23:34:25.744+01
fac07bec	fac07bec-1e01-446c-aaab-ca2cadf96f05	Team Slayer:Arena	Kaiketsu	720	480	-240	false	517	517	50	36	1	2025-10-29 22:08:19.403+01
696792f6	696792f6-4b98-4d04-99cd-360402e208b9	Slayer:Arena Super Fiesta	Forest	720	480	-240	false	518	518	46	50	1	2026-01-04 20:18:33.666+01
07aa428d	07aa428d-ea13-4862-bcc0-58471610df4e	Slayer:Arena Super Fiesta	Illusion	720	479	-241	false	499	499	50	41	3	2026-02-11 20:27:51.002+01
2ee45c50	2ee45c50-5251-4421-b52a-b725f8a6aebc	Slayer:Arena	Vagabond	720	478	-242	false	539	539	50	39	3	2025-11-25 21:39:51.163+01
d07a7dbe	d07a7dbe-7bcd-4d5c-a66a-182b7498d2ed	Team Slayer:Arena	Streets	720	478	-242	false	479	479	38	50	6	2026-02-11 23:09:21.964+01
000d5950	000d5950-83d9-423f-ab55-d068a7237b9f	Slayer:Arena Super Fiesta	Cliffhanger	720	477	-243	false	496	496	43	50	2	2026-03-08 21:43:55.793+01
fb71123d	fb71123d-99f6-4bf0-978f-1129c8691175	Slayer:Arena Super Fiesta	Illusion	720	476	-244	false	507	507	33	50	3	2026-02-12 17:15:43.579+01
db3c6d90	db3c6d90-c6e9-4c2f-8299-4755197bd217	Team Slayer:Arena	Empyrean	720	475	-245	false	500	500	50	33	3	2025-12-29 23:13:04.219+01
121be2d6	121be2d6-3652-4dde-bee2-9315ebffec46	Slayer:Arena Super Fiesta	Cliffhanger	720	475	-245	false	508	508	41	50	3	2026-02-15 21:43:53.498+01
14c0f6a2	14c0f6a2-c6b8-4f57-85b0-d56d0dca39c8	Slayer:Arena Super Fiesta	Recharge	720	474	-246	false	475	475	50	40	3	2026-02-18 15:21:39.987+01
f710d2cc	f710d2cc-64f6-4a18-9e68-73aa8eadd08f	Slayer:Arena Super Fiesta	Recharge	720	474	-246	false	493	493	50	47	3	2026-02-20 17:23:01.31+01
323ec1cf	323ec1cf-6cd1-4301-9312-170c1df45849	CTF:Arena Neutral Flag	Bazaar	720	474	-246	false	495	495	4	5	1	2025-12-23 18:38:42.332+01
1eedd3c8	1eedd3c8-ad17-480e-b743-061e88a09bad	Slayer:Arena	Nemesis	720	474	-246	false	522	522	24	50	3	2026-04-06 22:49:22.318+02
22495b4d	22495b4d-339e-4ffc-897f-32f4d7caa5e1	Slayer:Arena Super Fiesta	Aquarius	720	474	-246	false	502	502	50	49	1	2026-03-21 20:02:11.609+01
58e3825b	58e3825b-9fb6-4a7f-8172-f3cd1c03594b	Team Slayer:Arena	Starboard	720	473	-247	false	508	508	50	26	2	2026-02-13 12:44:29.275+01
4361dda1	4361dda1-0643-4290-874a-dacb21b43cf4	Slayer:Arena	Snowbound	720	473	-247	false	506	505	42	50	2	2025-11-03 21:09:56.897+01
3826a624	3826a624-1e66-47fb-bea1-8c7599e3ec11	Team Slayer:Arena	Kiken'na	720	472	-248	false	473	474	50	35	3	2026-01-12 21:25:24.242+01
d39a5435	d39a5435-621b-48fe-9432-949bdd0963b0	Slayer:Arena Super Fiesta	Illusion	720	472	-248	false	507	507	40	50	1	2026-01-28 18:19:49.002+01
91861bb0	91861bb0-1007-4f02-949c-3eb3840b7440	Team Slayer:Arena	Solitude	720	472	-248	false	473	473	46	50	3	2026-01-08 22:16:55.151+01
c41b87b2	c41b87b2-68c8-43a9-8537-7fb6218f018c	Slayer:Arena	Starboard	720	470	-250	false	520	520	41	50	1	2026-03-14 23:10:05.788+01
d8667c22	d8667c22-fe1a-4a26-991c-67cc36ecd000	Slayer:Arena	Vagabond	720	470	-250	false	502	501	49	50	3	2025-12-03 22:10:23.634+01
3158d49c	3158d49c-2242-40f4-8f4e-e2d02250f1e4	Team Slayer:Arena	Live Fire	720	470	-250	false	512	512	50	35	1	2026-01-14 20:24:51.493+01
253e4aab	253e4aab-56c2-4f0a-8233-cdfedd903012	Slayer:Arena	Ecotone	720	469	-251	false	497	497	35	50	1	2026-02-03 11:18:47.663+01
5195f5fc	5195f5fc-6179-441b-bfda-62dd7322927e	Slayer:Arena	Fortress	720	469	-251	false	515	514	46	50	2	2026-01-04 15:46:16.724+01
dbb4cd56	dbb4cd56-f1f5-4fbb-a637-31a4e7452a77	Team Slayer:Arena	Dredge	720	469	-251	false	501	501	50	24	1	2026-03-17 12:20:48.694+01
da168525	da168525-dd58-4a3d-9909-1576d2657dd3	Slayer:Arena	Critical Dewpoint	720	468	-252	false	469	469	50	45	3	2025-12-29 22:17:53.576+01
11a666d5	11a666d5-232b-42aa-aeda-718a3802ae2e	Team Slayer:Arena	Vagabond	720	468	-252	false	469	469	47	50	1	2026-01-20 20:45:37.949+01
65cd20f9	65cd20f9-ccd9-47dc-bf8e-9d13b14f9e6b	Slayer:Arena Super Fiesta	Bazaar	720	468	-252	false	499	499	46	50	1	2025-11-28 19:35:49.836+01
e564622c	e564622c-1eec-40dd-9c44-d9051ac4f8a1	Slayer:Arena Super Fiesta	Behemoth	720	467	-253	false	485	485	50	40	1	2025-12-18 20:04:43.271+01
ec62cb21	ec62cb21-3307-4e4e-a9bf-8976d751654f	Slayer:Arena Super Fiesta	Illusion	720	467	-253	false	499	499	40	50	3	2026-02-15 20:30:52.54+01
c7ba5c8c	c7ba5c8c-8e1d-405d-a6ab-2389f50af165	Slayer:Arena Super Fiesta	Bazaar	720	466	-254	false	499	499	50	44	1	2026-03-15 16:45:14.448+01
13d92593	13d92593-352d-4ef5-8dfd-91cfb069dce1	CTF:Arena	Dredge	720	466	-254	false	510	510	0	3	3	2025-11-06 23:17:19.935+01
55a09a7b	55a09a7b-3d2e-4d6f-b0fd-6dfb3e423e78	Team Slayer:Arena	Absolution	720	466	-254	false	467	467	50	36	3	2025-12-03 22:22:26.394+01
fb1c5d79	fb1c5d79-1789-4176-bd3f-063053a3a5e5	Slayer:Arena	Bazaar	720	465	-255	false	490	490	50	34	1	2026-01-09 20:37:51.843+01
fa5cc511	fa5cc511-08bc-4260-80e1-4b09c94dac85	Slayer:Arena Super Fiesta	Chasm	720	465	-255	false	487	487	50	39	3	2026-02-15 19:23:22.088+01
8424cd3b	8424cd3b-4a75-4119-8b22-2d89c7cc4443	Arena:Slayer	Solitude	720	465	-255	false	488	488	50	39	3	2025-10-23 21:57:58.479+02
7c554aa7	7c554aa7-2a0a-431c-85e3-4106d3fb09a4	Slayer:Arena	Bazaar	720	464	-256	false	496	496	50	37	1	2026-01-26 19:12:03.23+01
2dba3583	2dba3583-5b57-46c0-a7b0-d460afce78ab	Team Slayer:Arena	Shogun	720	464	-256	false	498	498	42	50	2	2026-01-11 14:31:00.601+01
386c917b	386c917b-aa20-479f-a7a6-6296977355ec	Slayer:Arena Super Fiesta	Illusion	720	464	-256	false	496	496	50	47	1	2026-03-21 20:24:56.868+01
0b7be1d1	0b7be1d1-4e64-4299-a537-c5f4ed11c9cc	Slayer:Arena	Recharge	720	464	-256	false	498	498	30	50	1	2026-03-10 19:08:16.586+01
3824e8eb	3824e8eb-0e0e-4584-bdd5-f0aa983bcf28	Slayer:Arena Super Fiesta	Cliffhanger	720	463	-257	false	504	504	39	50	2	2026-02-10 20:33:45.148+01
59b9f8ac	59b9f8ac-601e-4e6d-9ba5-706b93e0f32f	Slayer:Arena	Sylvanus	720	463	-257	false	509	509	50	27	1	2026-03-18 00:17:56.056+01
a3af2b23	a3af2b23-a4d3-488c-ab46-9bca3008985a	Slayer:Arena Super Fiesta	Bazaar	720	463	-257	false	494	494	50	44	3	2026-02-15 20:14:13.6+01
315ba3e0	315ba3e0-0383-4bc6-8adc-a4338b12af36	Slayer:Arena Super Fiesta	Cliffhanger	720	462	-258	false	480	480	50	39	1	2025-11-28 19:26:05.441+01
92dd2648	92dd2648-106c-4002-b683-f20e70c76f58	Team Slayer:Arena	Dynasty	720	462	-258	false	534	534	28	50	2	2025-11-01 21:45:06.805+01
ed3b6497	ed3b6497-a65d-423b-ad1c-efa28818737a	Team Slayer:Arena	Opulence	720	462	-258	false	21	462	35	50	2	2026-01-11 14:41:18.245+01
3b7363fe	3b7363fe-d0e3-4954-9b71-664cb7f90937	Arena:Slayer	Dredge	720	462	-258	false	491	491	50	38	2	2025-10-26 17:15:07.035+01
50474fb2	50474fb2-aa4b-41b7-b065-b07eec12f900	Slayer:Arena Super Fiesta	Streets	720	461	-259	false	462	462	50	38	2	2026-03-05 19:30:07.002+01
11258ba1	11258ba1-7402-47fb-ab19-de549d22d103	Slayer:Arena	The Pit	720	461	-259	false	532	532	35	50	3	2026-01-21 22:11:06.246+01
09a2c7eb	09a2c7eb-a848-46c8-8a76-89bdf0dcbe32	Team Slayer:Arena	Perilous	720	461	-259	false	486	486	50	40	1	2026-01-26 20:21:34.271+01
4fbae6c3	4fbae6c3-1415-4c3a-ad8d-ac50b06841de	Slayer:Arena Super Fiesta	Launch Site	720	461	-259	false	507	507	50	34	1	2026-03-12 20:56:12.555+01
ec03fa50	ec03fa50-5d02-421b-8503-5a60161005bc	Slayer:Arena	Live Fire	720	460	-260	false	495	495	50	48	2	2026-02-05 22:26:17.407+01
3104391d	3104391d-103f-4151-8d36-0478c1845cb9	Team Slayer:Arena	Cliffside	720	460	-260	false	496	496	50	41	2	2025-12-11 20:46:24.128+01
8675dfe2	8675dfe2-677b-43cc-b723-f028258c1fa0	Team Slayer:Arena	Absolution	720	460	-260	false	461	461	50	36	3	2025-12-29 23:51:15.584+01
6cf63ce9	6cf63ce9-33f7-44a2-a922-29c1db999e66	Slayer:Arena	Sylvanus	720	459	-261	false	487	486	50	36	2	2025-11-03 21:19:52.94+01
8ebab517	8ebab517-44e1-4cbb-99ea-d07e51a1561b	Slayer:Arena	Cliffhanger	720	459	-261	false	496	495	50	42	2	2026-01-11 14:47:03.787+01
d550a059	d550a059-6bd6-441f-b6a2-df26172e2962	Slayer:Arena	Empyrean	720	459	-261	false	511	511	50	42	1	2025-12-19 02:15:05.137+01
7120a62e	7120a62e-96a6-439e-9b8d-48fa6db0247a	Slayer:Arena	Curfew	720	458	-262	false	518	518	50	44	2	2025-12-11 20:35:57.534+01
b3d9bcfa	b3d9bcfa-eae0-4f84-aa9c-78fd56b4c342	Slayer:Arena Super Fiesta	Aquarius	720	458	-262	false	486	486	45	50	1	2026-03-10 19:10:06.015+01
2e5bd44b	2e5bd44b-ea30-4636-b677-b6a391092afd	Slayer:Arena	Recharge	720	458	-262	false	459	459	40	50	3	2025-11-13 21:12:28.834+01
022d2e0e	022d2e0e-41aa-4660-b197-42fd6e7485c8	Slayer:Arena Super Fiesta	Catalyst	720	457	-263	false	480	480	39	50	3	2026-02-27 19:11:30.904+01
da1e00dd	da1e00dd-8b2d-428e-8c4a-0012b6e65365	Team Slayer:Arena	Cliffhanger	720	457	-263	false	479	479	30	50	2	2025-11-01 21:11:32.392+01
dd3095de	dd3095de-88d9-4bc9-b4db-4d95238779ae	Slayer:Arena Super Fiesta	Recharge	720	457	-263	false	458	458	48	50	1	2026-01-28 17:58:46.408+01
7a4044e1	7a4044e1-3381-4646-b170-4562c30180f4	Slayer:Arena	Aquarius	720	456	-264	false	480	480	39	50	3	2025-12-03 21:08:44.624+01
a5e4cc1f	a5e4cc1f-c4ce-4369-a8db-3fc52d335767	Slayer:Arena	Isolation	720	456	-264	false	489	489	39	50	6	2026-02-11 22:49:32.876+01
b1f2fec4	b1f2fec4-e18d-4cdd-8e7e-72d422a9a7b2	Slayer:Arena Super Fiesta	Catalyst	720	456	-264	false	478	478	50	46	3	2026-02-24 18:27:26.918+01
41469ad0	41469ad0-4cf3-47f0-be7d-752e7bec63e9	Slayer:Arena Super Fiesta	Aquarius	720	456	-264	false	479	479	47	50	3	2026-02-15 20:42:47.003+01
4f4f3144	4f4f3144-0e79-4e1e-8191-d5e5dc58477d	Slayer:Arena Super Fiesta	Streets	720	456	-264	false	495	495	50	47	1	2026-01-29 16:15:18.151+01
63a494e4	63a494e4-da68-4e45-9a5a-c0b2ba322524	Slayer:Arena	Houseki	720	455	-265	false	486	486	50	39	2	2026-03-27 23:22:43.694+01
c1b4391a	c1b4391a-1bfe-46b5-8e14-2084d2445996	Slayer:Arena Super Fiesta	Chasm	720	455	-265	false	489	489	50	33	1	2026-01-20 21:24:53.838+01
ec72d6da	ec72d6da-196f-4cfc-8590-7974ba59c0f4	Slayer:Arena	Streets	720	455	-265	false	479	479	45	50	7	2026-02-18 22:08:52.2+01
58640b58	58640b58-bff9-4668-8e0d-471a066f710f	Slayer:Arena Super Fiesta	Catalyst	720	455	-265	false	472	472	43	50	1	2026-03-03 17:25:40.576+01
eed0830b	eed0830b-181d-46e6-bab6-f134733f2838	Slayer:Arena Super Fiesta	Recharge	720	454	-266	false	482	482	49	50	1	2026-01-31 17:24:03.083+01
530820e5	530820e5-cdb5-4956-a16e-cf700822ab03	CTF:Arena	Catalyst	720	454	-266	false	475	475	3	0	0	2026-05-21 22:18:04.351+02
d40afcfb	d40afcfb-2b18-4de7-875e-7cc2ff631433	Team Slayer:Arena	Origin	720	454	-266	false	498	498	31	50	3	2026-01-21 21:58:02.071+01
e0d14072	e0d14072-9d32-4458-8b44-1fe1786bd8bc	Slayer:Arena	Goliath	720	454	-266	false	487	486	40	50	2	2025-10-31 16:15:02.52+01
73284037	73284037-692a-4e1b-a3dc-58d3583e1ee3	Slayer:Arena Super Fiesta	Prism	720	453	-267	false	472	472	50	44	2	2026-03-08 21:34:37.997+01
23ffd885	23ffd885-b396-4903-aea8-2f27d0552959	Slayer:Arena Super Fiesta	Prism	720	453	-267	false	454	454	36	50	2	2026-02-09 22:19:06.17+01
ef058ab4	ef058ab4-53c9-4d67-924a-682e118d0395	Slayer:Arena Super Fiesta	Behemoth	720	453	-267	false	474	474	47	50	1	2026-01-22 21:14:23.245+01
e26c899f	e26c899f-22c6-4869-9cd8-d6baaa00f1be	Team Slayer:Arena	Snowbound	720	452	-268	false	484	484	50	31	2	2025-11-09 20:58:13.274+01
f3813f14	f3813f14-7819-4428-ba10-e3483cba812e	Team Slayer:Arena	Starboard	720	452	-268	false	506	505	29	50	3	2026-01-21 22:00:14.33+01
b859f650	b859f650-92e7-4e3a-acad-28e3ed123ced	Slayer:Arena Super Fiesta	Live Fire	720	452	-268	false	484	484	50	47	3	2026-02-11 16:39:11.903+01
4bc0664a	4bc0664a-ed6f-49da-b32c-31af5118a847	Slayer:Arena Super Fiesta	Chasm	720	452	-268	false	483	483	50	30	1	2026-03-17 20:45:09.557+01
cdcf3d01	cdcf3d01-0751-48ae-8517-83ec1957fa47	Slayer:Arena	Takamanohara	720	451	-269	false	503	503	50	39	1	2025-12-30 15:11:56.707+01
de2e8f8c	de2e8f8c-6ead-4625-b54f-36ced7b01378	Slayer:Arena Super Fiesta	Catalyst	720	451	-269	false	487	487	50	38	3	2026-02-16 21:50:55.399+01
3046f99e	3046f99e-7989-4485-8fd1-a91feb22f1d8	Team Slayer:Arena	Banished Narrows	720	450	-270	false	479	479	36	50	3	2026-04-06 23:00:34.629+02
8a049c50	8a049c50-4a4c-4b97-bd00-988a850f1ed3	Slayer:Arena Super Fiesta	Behemoth	720	450	-270	false	473	473	50	38	1	2026-03-22 20:30:29.311+01
0c0b1e2a	0c0b1e2a-a349-4ce1-92f1-63e5b7cb2d77	Slayer:Arena Super Fiesta	Recharge	720	450	-270	false	476	476	50	49	1	2025-11-28 19:58:24.684+01
7ddb5c8d	7ddb5c8d-cb54-4659-9119-71067f1bec96	Strongholds:Arena	Snowbound	720	450	-270	false	485	485	124	157	2	2026-03-24 21:10:42.226+01
aaee2c27	aaee2c27-3b4f-49fb-915a-406f65d9462b	Slayer:Arena	High Ground	720	449	-271	false	450	758	45	46	1	2026-01-24 11:50:42.347+01
7fa0e638	7fa0e638-ea63-4dd0-a550-ffe7f6cd365c	Slayer:Arena Super Fiesta	Streets	720	449	-271	false	470	470	50	47	1	2026-01-24 19:00:00.829+01
2e2e8492	2e2e8492-35f6-4104-a7c7-5ce7a3aa7c66	Team Slayer:Arena	Kaiketsu	720	449	-271	false	482	481	50	40	2	2026-01-02 21:35:58.726+01
05ebe184	05ebe184-07af-461e-976a-50062fe495e2	Slayer:Arena Super Fiesta	Illusion	720	449	-271	false	476	476	27	50	2	2026-03-05 20:50:06.139+01
0e809d10	0e809d10-7388-46d5-a1ff-46d8af38985c	Team Slayer:Arena	High Ground	720	449	-271	false	481	481	50	28	2	2025-11-01 21:35:12.085+01
997df431	997df431-10c8-48ea-807f-99e33d929018	Slayer:Arena	Streets	720	448	-272	false	470	470	50	41	3	2025-12-18 22:48:10.619+01
d9db420b	d9db420b-c55e-403f-af00-464e214a773b	Slayer:Arena Super Fiesta	Prism	720	448	-272	false	482	482	50	49	3	2026-02-17 14:49:11.142+01
1561d357	1561d357-b6df-4763-85e9-2f0a5b80fdb3	Slayer:Arena	Origin	720	448	-272	false	449	449	50	13	2	2026-03-24 22:57:22.305+01
85728bf3	85728bf3-8c89-4bc4-854f-c1db6c5bd49e	CTF:Arena	Isolation	720	448	-272	false	490	490	0	3	3	2025-12-29 21:58:03.814+01
941f7f8c	941f7f8c-87b6-4f7e-871e-5ac38bfb1202	Slayer:Arena Super Fiesta	Bazaar	720	448	-272	false	479	479	41	50	1	2026-03-21 20:13:31.733+01
e30f93c4	e30f93c4-b508-4e94-9ea9-2f587ad31a25	Slayer:Arena Super Fiesta	Aquarius	720	448	-272	false	467	467	50	37	1	2026-03-11 21:46:33.598+01
264f9e00	264f9e00-b966-4563-8552-314558d59e32	Slayer:Arena Super Fiesta	Forest	720	447	-273	false	477	477	50	33	1	2026-01-02 19:32:37.626+01
85d51883	85d51883-55cb-45e3-8ba8-a4aa49fb78eb	CTF:Arena	Dynasty	720	447	-273	false	476	476	3	2	1	2026-01-04 14:13:15.102+01
1bd7303b	1bd7303b-aee5-45ed-9706-824ee7bd9d4e	Slayer:Arena Super Fiesta	Chasm	720	447	-273	false	466	466	50	31	2	2026-03-08 22:01:42.717+01
834cdc2f	834cdc2f-1ed0-48a3-9b25-f43e8b4ffa87	Slayer:Arena Super Fiesta	Forbidden	720	447	-273	false	448	448	21	50	1	2026-01-08 18:40:18.334+01
162c1bec	162c1bec-bcf1-4ccf-a4d5-f2ae3c0cac48	Slayer:Arena Super Fiesta	Cliffhanger	720	445	-275	false	467	467	48	50	1	2026-01-20 20:58:07.692+01
3f3a48f0	3f3a48f0-930b-4c16-bfe9-940467082dad	Team Slayer:Arena	Banished Narrows	720	445	-275	false	472	472	33	50	3	2026-04-06 22:28:25.975+02
aef92f0d	aef92f0d-f74f-4eaf-a720-b64dc11654f6	Slayer:Arena Super Fiesta	Aquarius	720	445	-275	false	465	465	47	50	1	2026-01-24 18:46:00.435+01
542e129d	542e129d-d50e-41ee-bac5-c4bc8eb867a5	Slayer:Arena Super Fiesta	Live Fire	720	444	-276	false	445	445	50	37	3	2026-02-18 15:15:59.258+01
cd4edfc5	cd4edfc5-fb9a-48c8-837f-8dd11ce78484	Slayer:Arena	Smallhalla	720	444	-276	false	485	484	50	49	2	2025-10-31 14:20:58.327+01
c0be09da	c0be09da-5371-46b3-be57-008bb76a5dfd	Slayer:Arena Super Fiesta	Forbidden	720	443	-277	false	470	470	38	50	3	2026-02-18 18:13:16.091+01
66b5450e	66b5450e-37f8-410a-827c-cacbcfefaf7f	Slayer:Arena Super Fiesta	Streets	720	443	-277	false	467	467	48	50	3	2026-02-12 17:28:02.56+01
d96c7aaf	d96c7aaf-37f7-4392-803d-7dab5fcdd124	Team Slayer:Arena	Absolution	720	443	-277	false	470	469	50	36	2	2026-01-11 14:57:01.63+01
e221fbb7	e221fbb7-f2c6-4ab9-8848-06355f91cab5	Slayer:Arena Super Fiesta	Live Fire	720	443	-277	false	444	444	50	47	1	2026-01-18 16:15:27.218+01
3aaab54d	3aaab54d-e497-46a2-8798-34e24089d001	Slayer:Arena Super Fiesta	Forest	720	442	-278	false	443	443	33	50	1	2026-01-04 19:53:43.702+01
736256f1	736256f1-2101-44c2-bf19-8da503b4035c	Slayer:Arena	Takamanohara	720	442	-278	false	467	467	50	22	1	2025-12-06 13:36:00.822+01
c5ba9aca	c5ba9aca-0881-4d3b-96ea-42d0c4cec69d	Arena:Slayer	Solitude	720	442	-278	false	471	471	50	49	3	2025-10-23 21:09:56.221+02
b8a19a0b	b8a19a0b-5141-489c-810c-b0435cf0dcd3	Slayer:Arena	Recharge	720	442	-278	false	463	462	33	50	2	2026-01-02 21:13:53.557+01
12123df0	12123df0-e8fa-4aa9-be1f-2f0342ab2ec1	Slayer:Arena Super Fiesta	Forest	720	441	-279	false	479	479	50	42	1	2026-03-14 11:35:42.151+01
13bdd46d	13bdd46d-1549-4fca-b237-7937c6ef1547	Team Slayer:Arena	Curfew	720	441	-279	false	467	467	50	37	6	2026-02-11 22:59:00.082+01
ea84f197	ea84f197-4403-4dd1-bb3b-d57c380831ce	Team Slayer:Arena	Absolution	720	440	-280	false	441	441	41	50	3	2026-01-08 23:23:38.936+01
a9568ec8	a9568ec8-4f66-44d2-9138-ec5a63980034	Slayer:Arena Super Fiesta	Recharge	720	440	-280	false	468	468	48	50	3	2026-02-15 18:06:14.819+01
68e58d18	68e58d18-c158-4605-be7f-5f9999d80856	Strongholds:Arena	Forbidden	720	440	-280	false	476	476	55	187	1	2026-01-24 19:35:19.473+01
233e34b9	233e34b9-7ab9-47dc-93f9-2be237bc9a3f	Slayer:Arena Super Fiesta	Live Fire	720	440	-280	false	466	466	48	50	2	2026-02-07 14:55:07.872+01
e271dbfc	e271dbfc-2fa2-4e9f-95f8-b1c431a918be	Slayer:Arena	Isolation	720	440	-280	false	468	468	25	50	3	2026-01-21 21:49:05.004+01
41e13386	41e13386-491e-4f57-8875-0f6641f1804c	Team Slayer:Arena	Empyrean	720	439	-281	false	491	491	32	50	1	2026-03-18 00:05:34.022+01
7064ffa7	7064ffa7-ab8e-4120-a568-083f5fb22554	Team Slayer:Arena	Dynasty	720	439	-281	false	466	466	27	50	1	2026-01-26 19:58:05.072+01
1bd990f0	1bd990f0-d34a-4e8c-b85d-14b52e9b19ac	Slayer:Arena Super Fiesta	Prism	720	439	-281	false	456	456	50	37	1	2026-03-27 21:58:58.595+01
d39926cb	d39926cb-ea6c-4271-a562-2c4e953c0d65	Strongholds:Arena	Domicile	720	438	-282	false	465	465	72	185	2	2026-03-03 22:09:49.33+01
111cb657	111cb657-b1d8-4698-9398-0c9b2656e98d	Team Slayer:Arena	Recharge	720	437	-283	false	457	457	20	50	3	2025-11-13 22:34:45.743+01
51556275	51556275-b19a-47d0-919d-cdf4a4255bfa	Team Slayer:Arena	Curfew	720	436	-284	false	462	461	42	50	2	2026-01-02 21:04:03.861+01
0674b220	0674b220-57e3-4444-b700-bc9e66561d2f	Team Slayer:Arena	Banished Narrows	720	436	-284	false	495	495	50	43	2	2025-12-01 21:14:44.191+01
d2fe30ac	d2fe30ac-317a-40aa-9502-b9fe0e18a17e	Team Slayer:Arena	Streets	720	435	-285	false	454	454	50	43	1	2025-12-06 02:46:08.311+01
a7a2fce3	a7a2fce3-c9da-411c-bdb7-389a541f156b	Slayer:Arena Super Fiesta	Bazaar	720	434	-286	false	456	456	50	37	2	2026-02-10 20:44:28.051+01
6bfa4e90	6bfa4e90-0737-4581-be64-36f94a36234c	Team Slayer:Arena	Curfew	720	434	-286	false	498	498	33	50	3	2026-02-05 23:03:34.644+01
329fd5fe	329fd5fe-28eb-4333-a76e-a54d7b326bed	Team Slayer:Arena	Streets	720	434	-286	false	491	490	39	50	2	2025-12-01 21:46:30.579+01
6ccef7ce	6ccef7ce-091a-4f45-99b4-01b14c8e38bd	Slayer:Arena	Starboard	720	433	-287	false	481	481	43	50	1	2026-03-05 19:15:22.636+01
271c7f25	271c7f25-fb6f-4f23-9bf3-9f4aa6f90402	Slayer:Arena Super Fiesta	Catalyst	720	433	-287	false	453	453	50	37	3	2026-02-18 15:05:31.494+01
353367d6	353367d6-c02d-45dc-a28d-1d2f27c3bcbc	Strongholds:Arena	Prism	720	432	-288	false	456	456	66	197	3	2026-04-06 22:39:32.631+02
4c9e4014	4c9e4014-0667-46da-a9ce-dd6654f96328	Slayer:Arena Super Fiesta	Prism	720	431	-289	false	432	432	50	32	1	2026-03-14 11:56:49.874+01
d24d9dea	d24d9dea-108b-409a-affa-b5cdf7817aea	Team Slayer:Arena	Houseki	720	431	-289	false	470	469	50	45	2	2025-12-01 20:42:02.062+01
c97e039d	c97e039d-f860-4f89-b7fb-3db8b14c99cc	Slayer:Arena	Nemesis	720	431	-289	false	467	467	50	23	3	2025-12-18 21:40:57.813+01
d9701ca6	d9701ca6-68c6-4f67-a9b7-8fc24c7197e9	Strongholds:Arena	Isolation	720	431	-289	false	432	432	175	73	1	2025-12-10 09:35:08.787+01
7a25dc7a	7a25dc7a-ecdd-458d-973f-0ae2f658754d	Team Slayer:Arena	Elevation	720	431	-289	false	472	472	38	50	3	2026-01-12 22:00:28.066+01
666188ab	666188ab-13e6-4092-bd69-b4dd67516de0	Slayer:Arena Super Fiesta	Prism	720	431	-289	false	451	451	50	38	1	2026-01-25 16:20:29.912+01
05765a11	05765a11-3960-4382-b452-8c5a0a3d8fa2	Slayer:Arena	Aquarius	720	430	-290	false	463	464	43	50	2	2026-02-06 18:55:32.492+01
2f0d6155	2f0d6155-9f15-457b-bbf6-2bd014b5288d	Team Slayer:Arena	Vagabond	720	430	-290	false	465	465	42	50	3	2025-11-13 21:56:08.225+01
242e5f1d	242e5f1d-cbae-4bf7-8464-0d6e8248d9db	Team Slayer:Arena	Streets	720	429	-291	false	452	452	34	50	1	2026-01-19 18:48:37.919+01
d0293d39	d0293d39-4961-41e6-9211-da00f3bad3e2	CTF:Arena	Chasm	720	429	-291	false	430	430	3	1	3	2025-12-15 22:01:28.939+01
f7914dde	f7914dde-30fd-4024-8c69-8beef6ce284d	Slayer:Arena	Starboard	720	429	-291	false	430	430	17	50	3	2026-04-06 23:30:00.836+02
a6c53a9e	a6c53a9e-5498-426d-9c90-cba24eaf3d59	Team Slayer:Arena	Elevation	720	429	-291	false	489	489	50	36	1	2025-12-10 08:39:52.1+01
03b7bbb6	03b7bbb6-12b7-472e-9511-3f09b172e7dc	Slayer:Arena Super Fiesta	Streets	720	429	-291	false	430	430	50	49	2	2026-02-07 17:58:59.32+01
e9f3dfd5	e9f3dfd5-177c-429c-a857-051b4f76747b	Slayer:Arena Tactical	Solitude	720	428	-292	false	451	451	50	48	1	2026-01-13 23:26:57.508+01
963e8c72	963e8c72-cffa-40fe-90d3-a643c16163c3	Slayer:Arena Super Fiesta	Illusion	720	428	-292	false	448	448	50	35	3	2026-02-27 19:34:49.099+01
96be7ab9	96be7ab9-82c4-44c2-bdad-504c2f7c363b	Slayer:Arena Super Fiesta	Recharge	720	426	-294	false	427	427	50	31	3	2026-02-17 14:13:12.773+01
29397c98	29397c98-cfb0-4f77-b8b9-a4c01bd4c62b	Slayer:Arena Super Fiesta	Cliffhanger	720	426	-294	false	454	454	50	30	3	2026-02-17 17:41:36.559+01
2ba491cf	2ba491cf-d10b-4f46-aa4e-c8150ac08f56	Slayer:Arena Super Fiesta	Recharge	720	426	-294	false	463	463	40	50	3	2026-02-15 21:34:21.357+01
14ba5518	14ba5518-a5ce-4bc9-bbcc-0fee49a74ee0	Slayer:Arena Tactical	Detachment	720	425	-295	false	470	470	50	44	1	2025-12-30 21:36:10.563+01
e8ce4217	e8ce4217-c446-4b10-9d8f-82acdd78d71a	Slayer:Arena Super Fiesta	Streets	720	425	-295	false	462	462	50	42	3	2026-02-11 18:24:39.682+01
0866b278	0866b278-11fa-491d-9752-cebbb781e3ed	Team Slayer:Arena	Goliath	720	425	-295	false	453	453	50	27	5	2026-02-11 22:19:49.775+01
7ef0affe	7ef0affe-ba0c-48a2-be0b-4ac625db622a	Slayer:Arena Super Fiesta	Recharge	720	423	-297	false	464	464	50	34	1	2025-12-18 18:30:31.393+01
0962bb5b	0962bb5b-98d2-4e4d-8624-388a81707d96	Slayer:Arena Super Fiesta	Streets	720	423	-297	false	469	469	50	40	1	2026-01-19 18:23:01.771+01
151ea3bd	151ea3bd-b29f-482c-b4ae-99e4e1f19b0c	Slayer:Arena Super Fiesta	Cliffhanger	720	422	-298	false	455	455	50	35	3	2026-02-11 20:37:48.304+01
0c65ad35	0c65ad35-029b-40f1-99ab-7e60b83eea5a	Slayer:Arena	Streets	720	421	-299	false	487	486	48	50	2	2025-11-03 20:37:49.729+01
aa1f62e2	aa1f62e2-0675-4455-883c-65bcd4cd189c	Slayer:Arena Super Fiesta	Streets	720	421	-299	false	460	460	35	50	3	2026-02-12 18:05:25.518+01
e6ccc947	e6ccc947-05b6-4c69-8494-dd9d52ee0a76	Strongholds:Arena	Vagabond	720	421	-299	false	450	450	191	52	3	2025-11-25 22:18:59.923+01
0d6f6eaa	0d6f6eaa-08cd-4d4a-bca6-3bffb06e8b4e	Slayer:Arena Super Fiesta	Streets	720	420	-300	false	449	449	47	50	1	2026-03-22 19:52:19.458+01
15269d41	15269d41-ca12-4dc8-b3fc-e4ee65a116cc	Team Slayer:Arena	Kaiketsu	720	420	-300	false	450	449	31	50	2	2025-10-31 16:56:02.525+01
a90acac9	a90acac9-e512-41a6-b891-5ee39c425594	Slayer:Arena Super Fiesta	Catalyst	720	420	-300	false	437	437	50	36	1	2026-01-19 17:43:01.578+01
e06eb87d	e06eb87d-3f4a-4f1a-973e-8d6ceed08e25	Slayer:Arena	Goliath	720	419	-301	false	458	458	50	42	3	2025-11-13 21:38:50.329+01
00162144	00162144-fd65-4e5a-ba7a-8a121c53dafa	Slayer:Arena	Smallhalla	720	417	-303	false	446	446	50	42	3	2026-03-01 22:36:56.527+01
6d7c93b3	6d7c93b3-5af6-495b-8d4b-1f850e442510	Slayer:Arena Super Fiesta	Forest	720	417	-303	false	469	469	29	50	3	2026-02-17 21:56:59.582+01
6c098a38	6c098a38-544c-4485-9f03-a4dca2fa83cb	Slayer:Arena Super Fiesta	Cliffhanger	720	417	-303	false	440	440	50	43	1	2026-03-03 20:52:52.136+01
2c9e1af8	2c9e1af8-3dae-47bc-a031-0ffb161c7a18	Team Slayer:Arena	Houseki	720	417	-303	false	461	461	50	40	3	2026-01-12 23:01:41.294+01
694e1a5d	694e1a5d-b093-4cb8-9c63-012a3ad002d5	CTF:Arena	Banished Narrows	720	417	-303	false	477	477	1	3	1	2026-01-17 15:48:56.142+01
88678307	88678307-6407-471d-befd-dc9a95e73ce6	Team Slayer:Arena	Houseki	720	417	-303	false	446	446	42	50	2	2026-01-04 14:27:14.907+01
d35e9169	d35e9169-17e2-4661-80d9-6ff4ff2800b5	Slayer:Arena	Isolation	720	416	-304	false	449	449	50	33	3	2025-12-29 23:26:29.192+01
e8088c9e	e8088c9e-b0cf-46b9-9529-195b8840a61d	Slayer:Arena Super Fiesta	Streets	720	416	-304	false	452	452	42	50	1	2026-01-04 13:50:29.875+01
3523df2b	3523df2b-1e7a-4269-a8dd-da2408515949	Slayer:Arena Super Fiesta	Illusion	720	414	-306	false	452	452	36	50	3	2026-02-15 18:16:09.898+01
cb55aa4c	cb55aa4c-7c16-4785-89b2-a78904f33cb6	Team Slayer:Arena	Live Fire	720	413	-307	false	434	434	36	50	3	2026-03-12 21:16:56.441+01
1e1c9b56	1e1c9b56-65e1-4730-97cc-740006a0684d	Slayer:Arena Super Fiesta	Aquarius	720	412	-308	false	445	445	50	40	1	2026-03-11 21:37:41.021+01
f2e14485	f2e14485-db10-494a-a5c8-a45425b805ca	Slayer:Arena Super Fiesta	Forest	720	411	-309	false	446	446	46	50	2	2026-02-09 22:00:10.039+01
7c8de5a2	7c8de5a2-0ac9-4fe9-b591-5d5f27a0c05f	Slayer:Arena Super Fiesta	Streets	720	410	-310	false	411	411	40	50	3	2026-02-18 15:38:07.531+01
0393fd30	0393fd30-c656-44a8-8870-e5c400881747	CTF:Arena	Fortress	720	409	-311	false	438	438	2	3	3	2025-12-18 21:52:17.374+01
ebebb868	ebebb868-3d5e-481a-a522-44e6610f66ed	Slayer:Arena Super Fiesta	Recharge	720	408	-312	false	442	442	43	50	1	2026-03-11 21:15:27.575+01
a05da4fd	a05da4fd-cf51-4d06-adc0-058b4ea7e59f	Slayer:Arena Super Fiesta	Forbidden	720	408	-312	false	450	450	37	50	1	2026-03-03 17:35:22.39+01
2a4bc093	2a4bc093-e03a-4ca2-be52-e55bf1c7b4c5	Team Slayer:Arena	Live Fire	720	407	-313	false	426	426	50	28	2	2025-11-03 21:30:42.599+01
ad2968c9	ad2968c9-546d-40bc-8204-64631347aec6	Slayer:Arena Tactical	Solution	720	404	-316	false	435	435	50	31	1	2025-12-06 13:46:58.261+01
7b5976c8	7b5976c8-a5b0-4e82-997b-6f306e1555ab	Team Slayer:Arena	Prism	720	404	-316	false	438	438	23	50	1	2026-03-05 20:10:19.821+01
fee76a4b	fee76a4b-0385-4800-9770-d0d95b2f2ace	Arena:Team Slayer	Aquarius	720	403	-317	false	423	422	50	32	2	2025-10-26 18:22:04.14+01
d64b7736	d64b7736-b95d-4019-9ddd-601641833c2e	Slayer:Arena Super Fiesta	Live Fire	720	403	-317	false	438	438	38	50	1	2026-01-04 19:43:07.949+01
b7618780	b7618780-ed47-4228-9da5-22d4ecb1cfe1	Slayer:Arena Super Fiesta	Recharge	720	402	-318	false	443	443	50	46	2	2026-02-07 15:18:48.12+01
f413fdb9	f413fdb9-9406-4e91-b1fa-43d98da1f048	Slayer:Arena Super Fiesta	Forbidden	720	402	-318	false	427	427	35	50	1	2026-01-24 18:33:27.599+01
a1995edc	a1995edc-781a-4851-bd93-fa80e6d716bf	CTF:Arena Neutral Flag	Forest	720	402	-318	false	403	403	5	4	1	2026-01-18 15:01:52.732+01
1b375d58	1b375d58-bf39-4f59-beca-747e7f9fa169	Team Slayer:Arena	Houseki	720	402	-318	false	446	446	40	50	2	2026-01-11 14:13:30.328+01
4aa1342e	4aa1342e-c260-449f-afcc-e05418270e4f	Slayer:Arena Super Fiesta	Prism	720	401	-319	false	436	436	44	50	1	2026-03-15 21:25:05.432+01
bf07bdd8	bf07bdd8-940b-40f2-af62-a9c1a0577819	Slayer:Arena Super Fiesta	Live Fire	720	401	-319	false	425	425	50	41	1	2026-02-01 16:26:04.17+01
dec3e8e6	dec3e8e6-8b46-41be-b0df-a72ac096e67b	Strongholds:Arena	Origin	720	400	-320	false	435	435	156	100	1	2026-03-14 14:24:22.173+01
c80948f9	c80948f9-d7b1-472a-90ee-ae09813a048c	Slayer:Arena	Shiro	720	400	-320	false	432	432	22	50	1	2026-01-26 19:33:49.806+01
beb549bf	beb549bf-575d-401e-a853-1ffaf1a653d5	Slayer:Arena Super Fiesta	Recharge	720	399	-321	false	423	423	36	50	1	2026-01-04 14:00:15.784+01
954a8263	954a8263-de70-45a1-9b2c-29f848ee39bc	Team Slayer:Arena	Behemoth	720	398	-322	false	420	420	50	25	3	2025-12-29 23:39:57.606+01
b097442e	b097442e-6aa9-487f-8e02-6b405fbac66b	Slayer:Arena Super Fiesta	Forest	720	396	-324	false	416	416	50	30	1	2026-03-12 20:34:38.871+01
1d4ee251	1d4ee251-5287-421c-ac76-d44858dbb9bd	Slayer:Arena Tactical	The Pit	720	395	-325	false	422	422	41	50	2	2025-11-01 21:56:23.598+01
c59367b7	c59367b7-4515-410c-aec7-e0f53527420a	Slayer:Arena Super Fiesta	Streets	720	395	-325	false	431	431	39	50	1	2025-12-01 20:03:32.916+01
4ce480be	4ce480be-a4f8-4f46-81e4-bd54515bb740	Slayer:Arena Tactical	Argyle	720	392	-328	false	425	425	50	33	1	2025-12-06 02:55:45.642+01
43390876	43390876-d27c-40df-bb1b-a17207862407	Slayer:Arena Super Fiesta	Live Fire	720	392	-328	false	416	416	50	34	3	2026-02-17 14:00:19.095+01
9e8fb31b	9e8fb31b-ea96-4848-a3b0-03117171d01e	Slayer:Arena Super Fiesta	Cliffhanger	720	391	-329	false	414	414	30	50	0	2026-07-24 21:21:32.963+02
08964aeb	08964aeb-a52b-40e4-8cba-8361c359546a	Slayer:Arena Super Fiesta	Live Fire	720	391	-329	false	410	410	50	42	2	2026-03-06 21:44:32.045+01
62b66d39	62b66d39-0bdf-4563-aa38-d1c81f00a5a1	Team Slayer:Arena	Origin	720	390	-330	false	427	427	50	27	1	2026-01-14 21:08:57.461+01
17ba02e3	17ba02e3-feac-4972-8f91-44a293c98842	Slayer:Arena Super Fiesta	Streets	720	390	-330	false	432	432	50	50	3	2026-02-17 21:45:44.296+01
9f284410	9f284410-8c09-4168-afcf-d2239bfa50a9	Slayer:Arena Super Fiesta	Cliffhanger	720	390	-330	false	483	483	50	34	3	2026-02-19 18:26:15.977+01
68a61e95	68a61e95-09a2-4862-8121-2b0f4f99165b	Slayer:Arena Super Fiesta	Streets	720	389	-331	false	430	430	50	34	1	2026-01-14 20:48:15.096+01
bb71460d	bb71460d-0b26-4c91-93f7-cc6f56a4f30f	Slayer:Arena Super Fiesta	Catalyst	720	389	-331	false	409	409	31	50	1	2026-01-08 18:58:34.679+01
95b2e456	95b2e456-b81b-402b-b6e4-d447953a1242	Slayer:Arena Super Fiesta	Streets	720	388	-332	false	458	458	42	50	1	2025-12-20 19:24:25.689+01
3d9b075a	3d9b075a-f53b-4735-916b-2d84bb1ffee9	CTF:Arena Neutral Flag	Detachment	720	387	-333	false	431	431	4	5	3	2025-11-13 22:05:40.223+01
b77dffd4	b77dffd4-cb6b-49a4-af00-3656aeb7794b	Strongholds:Arena	Snowbound	720	386	-334	false	417	417	30	189	5	2026-02-11 21:59:18.984+01
d3783bb8	d3783bb8-51cc-4c73-8b13-6b822bc999d9	Team Slayer:Arena	Aquarius	720	385	-335	false	423	423	50	35	3	2025-12-29 23:04:39.884+01
1f04f315	1f04f315-2e90-4cf6-b88f-a1a05de6815e	Slayer:Arena Super Fiesta	Live Fire	720	384	-336	false	404	404	48	50	1	2026-03-16 19:26:24.768+01
5fead0af	5fead0af-f6e0-4049-a9df-eea201ad1da7	Slayer:Arena Super Fiesta	Streets	720	383	-337	false	402	402	50	31	1	2026-03-22 20:22:16.676+01
80a07955	80a07955-b4a3-44e5-a3fd-16ba5cd027e3	CTF:Arena Neutral Flag	Elevation	720	383	-337	false	414	414	0	5	3	2026-03-01 21:41:26.923+01
3924159e	3924159e-db72-4c6d-93fe-d2cade4a5045	Team Slayer:Arena	Live Fire	720	382	-338	false	383	382	36	50	2	2025-11-01 20:53:17.927+01
d1a18847	d1a18847-1e18-4a5a-aba9-c1ac32f297d5	Slayer:Arena Super Fiesta	Live Fire	720	382	-338	false	419	419	50	41	3	2026-02-19 18:39:03.277+01
282ced4c	282ced4c-494e-4d1f-b90e-bac73b17d87f	Slayer:Arena Super Fiesta	Live Fire	720	382	-338	false	412	412	50	37	1	2026-01-22 21:00:32.029+01
c660b4fa	c660b4fa-c940-4ddb-8402-ddf81a086696	Team Slayer:Arena	Banished Narrows	720	381	-339	false	412	411	32	50	2	2025-11-09 21:29:53.706+01
7da08030	7da08030-6cb9-4b79-a42f-91ca1d31ada2	Slayer:Arena Super Fiesta	Catalyst	720	380	-340	false	412	412	34	50	1	2026-03-10 19:24:32.51+01
9bc02a45	9bc02a45-2ac5-44be-8b16-46b1e4362310	Slayer:Arena Super Fiesta	Live Fire	720	380	-340	false	420	420	37	50	2	2026-02-09 18:39:06.204+01
109fb6ac	109fb6ac-980a-4112-8c91-3bda4bc2fb44	Slayer:Arena	Ecotone	720	380	-340	false	420	420	50	39	3	2025-11-25 23:06:38.298+01
ff4f7e7b	ff4f7e7b-9efb-450e-b758-6d1ca62855fc	Strongholds:Arena	Opulence	720	378	-342	false	423	423	188	21	8	2026-01-08 21:31:58.098+01
78316937	78316937-b716-4ba4-a74c-967555997dbf	Slayer:Arena Super Fiesta	Live Fire	720	377	-343	false	425	425	44	50	2	2026-02-09 18:02:29.891+01
549d808e	549d808e-d735-4443-819e-35fd772e849c	Slayer:Arena Super Fiesta	Illusion	720	377	-343	false	403	403	50	32	1	2026-03-15 21:34:21.726+01
316205b8	316205b8-34fe-404e-955f-29291827a12e	Strongholds:Arena	Kaiketsu	720	375	-345	false	403	403	71	171	1	2026-01-29 16:25:42.077+01
7482e583	7482e583-695a-4027-a0ff-040c50b0adec	Slayer:Arena Super Fiesta	Aquarius	720	374	-346	false	398	398	39	50	3	2026-02-17 17:56:18.525+01
988350d5	988350d5-e8a7-48a3-9af8-0c782aa96add	Slayer:Arena	Ecotone	720	372	-348	false	430	429	29	50	2	2025-11-01 20:43:57.75+01
f3bc46ab	f3bc46ab-fb5d-4e18-9b31-83b4f243fa36	Slayer:Arena Super Fiesta	Live Fire	720	372	-348	false	408	408	50	45	2	2026-03-08 22:10:44.515+01
1a7e6308	1a7e6308-43e1-4f76-96c9-ac61f046988f	Slayer:Arena Super Fiesta	Live Fire	720	371	-349	false	407	407	50	40	1	2026-01-08 18:49:05.206+01
8112ebde	8112ebde-6862-4c97-8263-bda2e3b62747	Slayer:Arena Super Fiesta	Live Fire	720	369	-351	false	388	388	34	50	1	2026-03-16 18:46:05.108+01
241312d1	241312d1-a370-4335-8014-91078475c460	Slayer:Arena Super Fiesta	Streets	720	365	-355	false	392	392	44	50	3	2026-02-15 20:52:31.794+01
bd4a7521	bd4a7521-30be-4d53-8699-00a02e4e5e6a	Slayer:Arena Super Fiesta	Streets	720	363	-357	false	403	403	50	32	1	2026-01-20 21:15:09.534+01
01b972df	01b972df-22af-45bd-acc9-ef5ac078aab5	Slayer:Arena Super Fiesta	Streets	720	363	-357	false	410	410	50	41	1	2026-03-03 17:45:44.572+01
baaddf44	baaddf44-f2be-498c-84ad-8716f377c2eb	Slayer:Arena Super Fiesta	Live Fire	720	361	-359	false	387	387	50	39	3	2026-02-17 15:05:04.787+01
643ad899	643ad899-ab61-4124-8d52-ff6c1406a53c	Slayer:Arena Super Fiesta	Forest	720	361	-359	false	384	384	26	50	1	2026-01-26 18:48:03.664+01
f36db941	f36db941-10d4-4ee2-b744-5dde8dadd7df	Strongholds:Arena	Houseki	720	358	-362	false	387	387	188	14	3	2025-12-15 21:52:56.79+01
34dac77d	34dac77d-89f4-49c6-aedd-30961d428b54	Slayer:Arena Super Fiesta	Aquarius	720	356	-364	false	383	383	38	50	2	2026-02-08 20:35:14.229+01
8b030705	8b030705-0fa1-42f4-a3fa-d605ae7c7898	Slayer:Arena	Vagabond	720	356	-364	false	384	384	20	50	1	2026-01-18 15:55:31.323+01
f65627bd	f65627bd-313c-41f0-8f25-111b88d3276a	Slayer:Arena Tactical	Bazaar	720	353	-367	false	375	374	50	39	2	2025-11-03 21:39:19.157+01
40204950	40204950-8afe-49cb-85d7-fede01d8a723	Slayer:Arena Tactical	Starboard	720	352	-368	false	406	406	48	50	1	2025-12-22 17:17:06.726+01
086713e9	086713e9-dda9-4f2d-b85f-003852f3f6ca	Slayer:Arena Super Fiesta	Cliffhanger	720	350	-370	false	373	373	17	50	2	2026-03-06 20:59:29.878+01
ac77b195	ac77b195-908c-4522-a527-aed599d0c61c	Slayer:Arena	Vagabond	720	347	-373	false	381	381	50	34	1	2026-01-16 18:45:39.299+01
034200db	034200db-1019-46ee-84bf-a5662ab1e491	CTF:Arena	Detachment	720	345	-375	false	374	374	0	3	2	2026-03-03 22:57:34.127+01
60b2fce3	60b2fce3-989c-4bc0-b90a-d41139eacafa	Slayer:Arena Super Fiesta	Live Fire	720	344	-376	false	381	381	50	37	1	2026-03-15 21:16:21.027+01
84d6b625	84d6b625-f0f4-4013-b370-44ff805b6f4f	CTF:Arena Neutral Flag	Behemoth	720	343	-377	false	376	376	4	5	2	2025-10-22 19:08:13.817+02
0beaa1ca	0beaa1ca-f784-4f1a-a0ae-fb1492707856	Slayer:Arena	Smallhalla	720	342	-378	false	391	391	40	50	3	2026-02-18 22:43:03.737+01
a8256747	a8256747-cbba-4771-b42b-bf54b14f4ced	CTF:Arena	Critical Dewpoint	720	342	-378	false	373	373	0	3	3	2026-01-08 23:01:27.974+01
1b4efbed	1b4efbed-0ead-449f-ac84-4245cc298dcd	Team Slayer:Arena	Cliffside	720	342	-378	false	343	362	22	38	3	2026-01-21 21:08:26.106+01
df442a0b	df442a0b-32f4-47e2-a412-6ce273414169	Slayer:Arena Super Fiesta	Aquarius	720	341	-379	false	365	365	24	50	1	2026-03-22 20:02:20.312+01
059b721f	059b721f-255b-49ba-8891-bb0ebd872850	CTF:Arena Neutral Flag	The Pit	720	340	-380	false	341	341	3	5	3	2026-04-06 21:54:11.408+02
297f1170	297f1170-fa84-4aa6-a353-c912a4ab7781	Slayer:Arena Tactical	Dredge	720	340	-380	false	368	368	31	50	1	2026-01-02 18:55:42.554+01
7925be56	7925be56-6293-4da3-8be9-5f26cd2b43a7	Slayer:Arena Super Fiesta	Streets	720	336	-384	false	337	337	50	29	3	2026-02-22 20:24:15.913+01
ef8cb72b	ef8cb72b-0d29-4f24-8fa5-e5129cac6adc	Slayer:Arena	Vagabond	720	335	-385	false	366	366	50	23	3	2026-02-10 21:22:12.013+01
66aa2908	66aa2908-b7f3-4ae7-8294-3aa7706a2fb7	Slayer:Arena Super Fiesta	Streets	720	335	-385	false	398	398	50	41	3	2026-02-27 19:23:14.305+01
305a6b15	305a6b15-6fd8-48e1-b7ca-16bfe8ed866e	Strongholds:Arena	Houseki	720	334	-386	false	373	373	180	17	3	2026-01-08 22:38:05.486+01
5be6863a	5be6863a-6b0c-4b68-88c4-db43cf3665a2	Slayer:Arena Tactical	Solitude	720	332	-388	false	333	333	50	39	3	2025-11-06 22:39:17.916+01
5414f8d5	5414f8d5-92c2-43d3-9af5-8bd1c519b11c	CTF:Arena	Domicile	720	332	-388	false	364	364	0	3	3	2025-11-13 21:22:41.404+01
8d953c7c	8d953c7c-28d2-461e-af07-18a1f6ee2a49	CTF:Arena	Aquarius	720	329	-391	false	353	353	0	3	8	2025-12-09 21:58:52.235+01
838e4624	838e4624-6e29-4108-8863-77401b9b9e1c	Strongholds:Arena	The Pit	720	329	-391	false	330	330	28	145	1	2025-12-20 19:01:22.651+01
e96c390b	e96c390b-bb77-4b08-94fa-483d3905d61a	CTF:Arena	Aquarius	720	319	-401	false	320	320	3	0	5	2026-02-11 22:29:30.756+01
ff90953d	ff90953d-e903-47df-82bf-3a04c4766ed5	Slayer:Arena Tactical	Absolution	720	314	-406	false	359	359	50	34	1	2025-12-29 10:54:10.623+01
8a1e9661	8a1e9661-d67e-43c6-a805-2947ca569895	CTF:Arena	Starboard	720	312	-408	false	341	341	3	1	3	2025-11-13 22:14:47.522+01
38f7d316	38f7d316-841f-455e-b472-8ddedb899221	Slayer:Arena Super Fiesta	Streets	720	312	-408	false	348	348	50	43	2	2026-02-09 22:09:38.783+01
2b2c5aa3	2b2c5aa3-c05b-4307-a82a-1c9c4c0f42d8	Strongholds:Arena	Kaiketsu	720	311	-409	false	350	350	14	183	2	2026-03-01 22:14:22.417+01
81c0fc99	81c0fc99-1cfe-4047-8bb7-81ce7d51743f	CTF:Arena	Catalyst	720	311	-409	false	331	331	1	3	3	2026-04-06 23:22:36.036+02
4e2187de	4e2187de-7663-40bd-bc1d-7f421965794d	Slayer:Arena Tactical	Dredge	720	309	-411	false	349	349	38	50	2	2025-10-29 21:21:40.167+01
7e91de02	7e91de02-ee2e-421a-a6fd-ad2fadd7ce27	Strongholds:Arena	Opulence	720	308	-412	false	350	350	4	186	1	2026-01-24 11:34:35.213+01
bcb6d393	bcb6d393-8f5e-40e3-806b-e3cb35bfc9b0	CTF:Arena	Cliffhanger	720	307	-413	false	353	353	3	0	3	2025-11-13 21:48:09.75+01
c029cf8c	c029cf8c-c6d0-4d0a-9dbc-f972f8cfeaa3	Strongholds:Arena	Perilous	720	307	-413	false	340	340	141	53	2	2026-01-11 14:23:25.233+01
786e93dc	786e93dc-d8a9-4de0-9637-0a1a32072cd6	CTF:Arena	Elevation	720	305	-415	false	335	335	3	1	1	2026-01-18 15:20:37.686+01
ff098006	ff098006-0a22-45c5-ae41-103da7cf2946	CTF:Arena	Domicile	720	303	-417	false	340	340	0	3	3	2025-12-18 21:33:07.006+01
03ccbe42	03ccbe42-653b-4298-8170-1c64306706ae	CTF:Arena Neutral Flag	Argyle	720	302	-418	false	347	347	5	4	2	2026-02-07 18:08:04.121+01
73722e0a	73722e0a-26b3-4055-aac7-17fd06055826	CTF:Arena	Dredge	720	301	-419	false	328	328	1	3	3	2026-03-12 22:21:05.88+01
087474d9	087474d9-bbd5-40a4-a900-164a2cdd9c26	Team Slayer:Arena	Salvation	720	300	-420	false	328	328	35	17	1	2026-03-14 22:51:54.409+01
9ea96468	9ea96468-e14a-4bb3-8a15-eea44f14184a	CTF:Arena	Aquarius	720	299	-421	false	329	329	0	3	1	2025-12-20 19:09:28.954+01
4f4dc75d	4f4dc75d-3f7e-4c99-87ae-b0ca0ae97a2c	CTF:Arena Neutral Flag	Aquarius	720	298	-422	false	325	325	5	3	2	2025-11-09 20:27:36.367+01
e5d7b81d	e5d7b81d-5125-49db-8cbc-f7e7b4558191	CTF:Arena	Catalyst	720	293	-427	false	314	314	1	3	1	2026-03-03 21:16:30.773+01
83fe35b3	83fe35b3-2043-4c3d-b1b3-2e3e2433e5e0	Strongholds:Arena	Isolation	720	293	-427	false	323	323	149	28	3	2026-03-12 22:11:11.444+01
a21cea14	a21cea14-5c8f-4727-8071-cc3ad8cf6107	CTF:Arena	Forest	720	291	-429	false	320	320	0	3	3	2025-12-02 23:20:24.912+01
8dadc413	8dadc413-2db6-426c-9278-d58659485eaa	CTF:Arena	Absolution	720	289	-431	false	339	339	0	3	1	2026-01-02 19:55:22.028+01
1e26f641	1e26f641-5570-475c-a52d-d7afc6b49fd8	Strongholds:Arena	Fortress	720	286	-434	false	313	313	132	73	8	2026-01-08 21:54:09.308+01
c548f819	c548f819-5d26-4341-8a31-0bb64589745d	Slayer:Arena Tactical	Fortress	720	283	-437	false	327	327	50	35	1	2025-12-19 02:04:55.047+01
3b400ab0	3b400ab0-8801-4dcd-9bb6-3eac1bb463c8	CTF:Arena	Elevation	720	280	-440	false	329	329	1	3	3	2025-12-18 23:21:55.836+01
60320538	60320538-1c3c-4452-bdc4-170a838f5425	CTF:Arena	Snowbound	720	268	-452	false	269	269	0	3	1	2025-12-25 17:03:37.904+01
dbe373de	dbe373de-96cb-4010-aadb-1f416d8ca044	CTF:Arena	Forbidden	720	266	-454	false	286	286	3	0	3	2025-12-15 22:23:12.85+01
de6fba16	de6fba16-5a67-432b-8996-43cef40b3eca	CTF:Arena	Nemesis	720	248	-472	false	280	280	3	0	3	2025-11-25 21:33:37.799+01
6bc544a1	6bc544a1-8581-4bd5-bdba-015938c24ff7	Strongholds:Arena	The Pit	720	247	-473	false	278	278	184	0	2	2026-03-03 23:16:57.959+01
1b6f7a27	1b6f7a27-7fd2-4813-9167-70cba83d217b	CTF:Arena	Illusion	720	246	-474	false	282	282	3	0	3	2026-02-10 21:35:31.812+01
c5c9db26	c5c9db26-cd33-4e02-837b-3b6ba8e74059	CTF:Arena	Nemesis	720	241	-479	false	242	242	3	1	1	2025-12-25 17:19:07.06+01
68442a39	68442a39-5b7f-49ef-ad56-e50730089375	CTF:Arena	Snowbound	720	225	-495	false	256	256	3	0	3	2025-12-02 23:14:17.277+01
b8d1fe0c	b8d1fe0c-1632-4e28-8c09-44de1b408dad	CTF:Arena Neutral Flag	Recharge	720	225	-495	false	226	226	1	5	3	2026-01-21 21:28:08.098+01
63415f8c	63415f8c-df8e-4575-a94b-9267db0fbccd	Strongholds:Arena	Shogun	720	217	-503	false	267	267	140	14	1	2025-12-06 13:57:00.778+01
d9841433	d9841433-4b94-4380-8237-3adf336df4ec	CTF:Arena	Elevation	720	216	-504	false	274	274	0	3	1	2026-01-02 19:49:06.262+01
6a711138	6a711138-82d7-4ad7-8555-14cf4805d36e	CTF:Arena	Detachment	720	216	-504	false	250	250	3	0	3	2026-01-12 23:11:09.133+01
83ee3f9f	83ee3f9f-8e36-4e41-8405-31acbc9898dd	CTF:Arena	Domicile	720	213	-507	false	242	242	3	1	2	2026-03-24 23:05:55.236+01
0f9550e5	0f9550e5-8038-4767-8dcb-1b00019245c1	CTF:Arena Neutral Flag	Snowbound	720	207	-513	false	239	239	5	0	2	2026-02-09 17:51:50.163+01
ce927bd2	ce927bd2-997b-4674-80c6-108b4499771b	Strongholds:Arena	Live Fire	720	206	-514	false	207	207	0	147	3	2026-03-01 22:21:59.808+01
3685373c	3685373c-1084-4a6e-81a4-d67f5f487392	CTF:Arena Neutral Flag	Fortress	720	206	-514	false	207	206	5	3	2	2025-10-22 19:16:34.942+02
3372e7eb	3372e7eb-0a32-4291-942f-f78e9e66a2ad	CTF:Arena Neutral Flag	Isolation	720	200	-520	false	239	239	0	5	3	2025-12-03 22:02:30.549+01
846044ba	846044ba-f7b1-4799-932f-38e1aa677c57	CTF:Arena Neutral Flag	Behemoth	720	197	-523	false	226	226	5	1	1	2026-01-08 19:49:21.241+01
a17e61a2	a17e61a2-5142-4204-acdf-6f469a12d428	CTF:Arena	Dynasty	720	194	-526	false	223	223	0	3	2	2026-03-24 22:39:10.088+01
a32ee8d2	a32ee8d2-1784-4450-8340-9534f97fe374	CTF:Arena	Cliffside	720	182	-538	false	215	215	3	0	3	2025-12-15 22:59:15.766+01
e94163af	e94163af-3785-46bd-9cef-8d85cc5687b3	CTF:Arena Neutral Flag	Bazaar	720	179	-541	false	215	215	1	5	3	2025-12-03 21:57:11.721+01
51101d1d	51101d1d-aca8-4c95-a431-2012114b87be	CTF:Arena Neutral Flag	Fortress	720	162	-558	false	200	200	2	5	1	2026-01-14 20:32:26.595+01
008e1bba	008e1bba-a224-4d7a-8211-ba268f9a6038	CTF:Arena	Critical Dewpoint	720	149	-571	false	173	173	3	0	1	2026-02-01 18:37:19.54+01
5d1df471	5d1df471-5053-4d64-b19e-1b25f0ccebce	Slayer:Arena	Isolation	720	125	-595	false	160	534	31	50	2	2026-01-04 15:00:22.826+01
cf040013	cf040013-2212-4e55-86b8-4aa77e9df234	CTF:Arena Neutral Flag	Fortress	720	101	-619	false	140	140	0	5	2	2025-10-26 17:36:38.413+01
d7d3c50b	d7d3c50b-aa9f-48f0-aba2-1f34dca56fd5	Slayer:Arena Tactical	Salvation	720	85	-635	false	135	498	36	50	2	2025-10-31 15:05:40.755+01
8d827e90	8d827e90-289b-4f15-8a41-17700443e3a0	Strongholds:Arena	High Ground	720	84	-636	false	142	495	155	153	1	2026-01-24 11:43:35.98+01
5b47657d	5b47657d-5ad1-486e-892c-70518d04f1b9	Slayer:Arena	Live Fire	720	20	-700	false	49	453	44	50	2	2025-12-29 22:24:19.43+01
4c8d2287	4c8d2287-cdf3-467e-bb73-afbbbcd28dd1	Team Slayer:Arena	Starboard	720	18	-702	false	53	596	50	46	1	2025-10-29 20:19:21.011+01
