slot	gen	instance	global_id	famille	t0_us	t1_us	lectures	lectures_i27	min_i27	max_i27	lectures_i26	decroissances_i27
1855	1	0	0xbcabbe43	grenade_frag	1203701102	1209205632	2	1	223	223	1	0
1857	1	0	0xbcabbe43	grenade_frag	1203701102	1212475674	4	1	45	45	3	0
1886	1	0	0xbcabbe43	grenade_frag	1218234302	1221033004	1	0	0	0	1	0
1888	1	0	0xbcabbe43	grenade_frag	1218234302	1222046745	1	0	0	0	1	0
1901	1	0	0xbcabbe43	grenade_frag	1221174941	1228252158	1	0	0	0	1	0
1903	1	0	0xbcabbe43	grenade_frag	1221174941	1225499592	1	0	0	0	1	0
1905	1	0	0xcaaadcb0	grenade_plasma	1221174941	1228452726	1	0	0	0	1	0
1907	1	0	0xcaaadcb0	grenade_plasma	1221174941	1224581743	1	0	0	0	1	0
1915	1	0	0xbcabbe43	grenade_frag	1223218522	1226050226	1	0	0	0	1	0
1917	1	0	0xbcabbe43	grenade_frag	1223218522	1226567731	1	0	0	0	1	0
1921	1	0	0xbcabbe43	grenade_frag	1225186943	1228235419	1	0	0	0	1	0
1923	1	0	0xbcabbe43	grenade_frag	1225186943	1227535129	1	0	0	0	1	0
1927	1	0	0xcaaadcb0	grenade_plasma	1225186943	1227602029	1	0	0	0	1	0
1928	1	0	0x4396db42	other	1225186943	1228120098	0	0	0	0	0	0
1932	1	0	0x273fe0eb	grapple	1227703670	1229854758	1	0	0	0	1	0
1955	1	0	0xbcabbe43	grenade_frag	1242236747	1247289448	1	0	0	0	1	0
1957	1	0	0xbcabbe43	grenade_frag	1242236747	1247172670	1	0	0	0	1	0
1964	1	0	0xbcabbe43	grenade_frag	1244105486	1249406894	1	0	0	0	1	0
1968	1	0	0xbcabbe43	grenade_frag	1245093292	1249290204	1	0	0	0	1	0
1970	1	0	0xbcabbe43	grenade_frag	1245093292	1249590311	2	1	247	247	1	0
1971	1	0	0x4396db42	other	1245093292	1247305397	0	0	0	0	0	0
1977	1	0	0xbcabbe43	grenade_frag	1246025920	1248041213	1	0	0	0	1	0
1979	1	0	0xbcabbe43	grenade_frag	1246025920	1252676758	1	0	0	0	1	0
1983	1	0	0xbcabbe43	grenade_frag	1247030969	1250073803	1	0	0	0	1	0
1985	1	0	0xbcabbe43	grenade_frag	1247030969	1249707268	1	0	0	0	1	0
1987	1	0	0x0f5716ff	grenade_spike	1247030969	1247789614	1	0	0	0	1	0
1989	1	0	0x0f5716ff	grenade_spike	1247030969	1247588854	1	0	0	0	1	0
2017	1	0	0xbcabbe43	grenade_frag	1260323727	1272683009	3	0	0	0	1	0
2019	1	0	0xbcabbe43	grenade_frag	1260323727	1273467226	1	0	0	0	1	0
2023	1	0	0xbcabbe43	grenade_frag	1262977893	1270330015	1	0	0	0	1	0
2025	1	0	0xbcabbe43	grenade_frag	1262977893	1268411953	1	0	0	0	1	0
2026	1	0	0x2974c233	wall	1262977893	1263957800	0	0	0	0	0	0
2032	1	0	0xcaaadcb0	grenade_plasma	1265946883	1285531868	2	1	91	91	1	0
2043	1	0	0xbcabbe43	grenade_frag	1269785139	1284429279	1	0	0	0	1	0
2045	1	0	0xbcabbe43	grenade_frag	1269785139	1279390247	1	0	0	0	1	0
2071	1	0	0x686b40c9	wall	1281626397	1282293906	1	0	0	0	1	0
2088	1	0	0xbcabbe43	grenade_frag	1290306402	1299094911	2	1	248	248	1	0
2089	1	0	0x686b40c9	wall	1293840049	1294357142	1	0	0	0	1	0
2117	1	0	0xbcabbe43	grenade_frag	1313813685	1316465635	1	0	0	0	1	0
2124	1	0	0xbcabbe43	grenade_frag	1315165171	1323454134	1	0	0	0	1	0
2126	1	0	0xbcabbe43	grenade_frag	1315165171	1322402065	2	0	0	0	2	0
2127	1	0	0x4396db42	other	1315165171	1317513658	0	0	0	0	0	0
2149	1	0	0xbcabbe43	grenade_frag	1324826260	1342073961	1	0	0	0	1	0
2169	1	0	0xb781197a	powerup_overshield	1333170176	1333998434	0	0	0	0	0	0
2184	1	0	0x273fe0eb	grapple	1341394436	1342173905	2	0	0	0	2	0
2190	1	0	0x2974c233	wall	1344830176	1344876654	1	0	0	0	0	0
2196	1	0	0xbcabbe43	grenade_frag	1347617713	1353352205	1	0	0	0	1	0
2198	1	0	0xbcabbe43	grenade_frag	1347617713	1352298705	1	0	0	0	1	0
2199	1	0	0x2974c233	wall	1347617713	1349029711	0	0	0	0	0	0
2204	1	0	0xbcabbe43	grenade_frag	1348834350	1353450265	2	0	0	0	1	0
2206	1	0	0xbcabbe43	grenade_frag	1348834350	1352199863	1	0	0	0	1	0
2213	1	0	0xbcabbe43	grenade_frag	1350384966	1354467814	1	0	0	0	1	0
2215	1	0	0xbcabbe43	grenade_frag	1350384966	1355769495	1	0	0	0	1	0
2250	1	0	0xbcabbe43	grenade_frag	1365151645	1369052150	1	0	0	0	1	0
2252	1	0	0xbcabbe43	grenade_frag	1365151645	1370286233	1	0	0	0	1	0
2257	1	0	0xbcabbe43	grenade_frag	1365452464	1369402078	1	0	0	0	1	0
2259	1	0	0xbcabbe43	grenade_frag	1365452464	1368451598	1	0	0	0	1	0
2260	1	0	0x273fe0eb	grapple	1365452464	1366333257	2	0	0	0	2	0
2265	1	0	0xbcabbe43	grenade_frag	1369173239	1374306582	1	0	0	0	1	0
2267	1	0	0xcaaadcb0	grenade_plasma	1369173239	1374406911	1	0	0	0	1	0
2269	1	0	0xcaaadcb0	grenade_plasma	1369173239	1372471823	1	0	0	0	1	0
2273	1	0	0xbcabbe43	grenade_frag	1369374227	1372454620	1	0	0	0	1	0
2275	1	0	0xbcabbe43	grenade_frag	1369374227	1385035238	1	0	0	0	1	0
2279	1	0	0xbcabbe43	grenade_frag	1369956775	1372404929	1	0	0	0	1	0
2281	1	0	0xbcabbe43	grenade_frag	1369956775	1372704846	1	0	0	0	1	0
2283	1	0	0xcaaadcb0	grenade_plasma	1369956775	1372721910	1	0	0	0	1	0
2285	1	0	0xcaaadcb0	grenade_plasma	1369956775	1372805133	1	0	0	0	1	0
2286	1	0	0x2974c233	wall	1369956775	1370920387	0	0	0	0	0	0
2321	1	0	0xbcabbe43	grenade_frag	1383254066	1392892703	1	0	0	0	1	0
2323	1	0	0xbcabbe43	grenade_frag	1383254066	1396914767	1	0	0	0	1	0
2330	1	0	0xbcabbe43	grenade_frag	1387106795	1391141127	1	0	0	0	1	0
2334	1	0	0xbcabbe43	grenade_frag	1387140587	1396012968	1	0	0	0	1	0
2349	1	0	0xbcabbe43	grenade_frag	1392729582	1397580915	1	0	0	0	1	0
2351	1	0	0xbcabbe43	grenade_frag	1392729582	1400601037	1	0	0	0	1	0
2352	1	0	0x686b40c9	wall	1394863111	1395345955	1	0	0	0	1	0
2360	1	0	0x2974c233	wall	1395196469	1396196332	1	0	0	0	0	0
2372	1	0	0xbcabbe43	grenade_frag	1400940190	1401568345	2	0	0	0	2	0
2374	1	0	0xbcabbe43	grenade_frag	1400940190	1405472410	1	0	0	0	1	0
2376	1	0	0x0f5716ff	grenade_spike	1400940190	1402120109	1	0	0	0	1	0
2377	1	0	0x273fe0eb	grapple	1400940190	1401785775	3	0	0	0	2	0
2381	1	0	0xbcabbe43	grenade_frag	1401155158	1403938265	1	0	0	0	1	0
2383	1	0	0xbcabbe43	grenade_frag	1401155158	1404988446	1	0	0	0	1	0
2388	1	0	0x686b40c9	wall	1403887250	1404305330	1	0	0	0	1	0
2395	1	0	0xbcabbe43	grenade_frag	1405626152	1409242864	1	0	0	0	1	0
2397	1	0	0xbcabbe43	grenade_frag	1405626152	1409476030	1	0	0	0	1	0
2401	1	0	0xbcabbe43	grenade_frag	1406509705	1410210111	1	0	0	0	1	0
2403	1	0	0xbcabbe43	grenade_frag	1406509705	1410643691	1	0	0	0	1	0
2421	1	0	0x686b40c9	wall	1414164370	1414481145	1	0	0	0	1	0
2433	1	0	0xbcabbe43	grenade_frag	1419231051	1420692348	1	0	0	0	1	0
2434	1	0	0x2974c233	wall	1419231051	1420175610	0	0	0	0	0	0
2438	1	0	0xbcabbe43	grenade_frag	1419846333	1425580559	2	1	8	8	1	0
2439	1	0	0x273fe0eb	grapple	1419846333	1420658823	2	0	0	0	2	0
2446	1	0	0xbcabbe43	grenade_frag	1421729427	1436425300	1	0	0	0	1	0
2448	1	0	0xbcabbe43	grenade_frag	1421729427	1453126327	1	0	0	0	1	0
2454	1	0	0xbcabbe43	grenade_frag	1423915884	1432288956	1	0	0	0	1	0
2469	1	0	0xbcabbe43	grenade_frag	1430675902	1435191716	1	0	0	0	1	0
2471	1	0	0xbcabbe43	grenade_frag	1430675902	1437892870	1	0	0	0	1	0
2478	1	0	0xbcabbe43	grenade_frag	1432142920	1434039623	1	0	0	0	1	0
2480	1	0	0xcaaadcb0	grenade_plasma	1432142920	1434757094	2	1	2	2	1	0
2482	1	0	0xcaaadcb0	grenade_plasma	1432142920	1434490297	1	0	0	0	1	0
2497	1	0	0x686b40c9	wall	1440596576	1441564108	1	0	0	0	1	0
2504	1	0	0xbcabbe43	grenade_frag	1442385725	1444083500	1	0	0	0	1	0
2512	1	0	0xbcabbe43	grenade_frag	1446943135	1450273875	1	0	0	0	1	0
2513	1	0	0x4396db42	other	1446943135	1449673886	0	0	0	0	0	0
2516	1	0	0x2974c233	wall	1447125653	1448424120	0	0	0	0	0	0
2520	1	0	0xbcabbe43	grenade_frag	1448726835	1455244947	1	0	0	0	1	0
2533	1	0	0xbcabbe43	grenade_frag	1454314654	1459949500	1	0	0	0	1	0
2535	1	0	0xbcabbe43	grenade_frag	1454314654	1456680351	1	0	0	0	1	0
2536	1	0	0x4396db42	other	1454314654	1454712346	1	0	0	0	0	0
2548	1	0	0xcaaadcb0	grenade_plasma	1456250249	1456530125	1	0	0	0	1	0
2550	1	0	0xcaaadcb0	grenade_plasma	1456250249	1456514190	1	0	0	0	1	0
2551	1	0	0x273fe0eb	grapple	1456250249	1457130623	2	0	0	0	2	0
2563	1	0	0xbcabbe43	grenade_frag	1462306080	1487563229	1	0	0	0	1	0
2565	1	0	0xbcabbe43	grenade_frag	1462306080	1514723705	2	1	215	215	1	0
2566	1	0	0x273fe0eb	grapple	1462306080	1463703446	2	0	0	0	2	0
2577	1	0	0xbcabbe43	grenade_frag	1464375984	1468992191	1	0	0	0	1	0
2579	1	0	0xbcabbe43	grenade_frag	1464375984	1469026228	1	0	0	0	1	0
2581	1	0	0xcaaadcb0	grenade_plasma	1464375984	1464854990	1	0	0	0	1	0
2583	1	0	0xcaaadcb0	grenade_plasma	1464375984	1469076549	1	0	0	0	1	0
2590	1	0	0xbcabbe43	grenade_frag	1467046256	1485310838	1	0	0	0	1	0
2592	1	0	0xbcabbe43	grenade_frag	1467046256	1497089934	1	0	0	0	1	0
2594	1	0	0xcaaadcb0	grenade_plasma	1467046256	1497089934	1	0	0	0	1	0
2596	1	0	0xcaaadcb0	grenade_plasma	1467046256	1477270102	1	0	0	0	1	0
2597	1	0	0x2974c233	wall	1467046256	1467691585	0	0	0	0	0	0
2602	1	0	0xbcabbe43	grenade_frag	1468546956	1471061276	1	0	0	0	1	0
2604	1	0	0xbcabbe43	grenade_frag	1468546956	1471211717	1	0	0	0	1	0
2606	1	0	0xcaaadcb0	grenade_plasma	1468546956	1471144862	1	0	0	0	1	0
2607	1	0	0x4396db42	other	1468546956	1471011272	0	0	0	0	0	0
2662	1	0	0xbcabbe43	grenade_frag	1504032236	1504180082	1	0	0	0	1	0
2668	1	0	0xbcabbe43	grenade_frag	1506068273	1509501614	1	0	0	0	1	0
2669	1	0	0x2974c233	wall	1506068273	1507183064	0	0	0	0	0	0
2676	1	0	0x0f5716ff	grenade_spike	1508538705	1509684873	1	0	0	0	1	0
2677	1	0	0x4396db42	other	1508538705	1510937031	0	0	0	0	0	0
2694	1	0	0xbcabbe43	grenade_frag	1514444848	1531924441	1	0	0	0	1	0
2696	1	0	0xbcabbe43	grenade_frag	1514444848	1518227586	1	0	0	0	1	0
2710	1	0	0xbcabbe43	grenade_frag	1521352516	1523632992	1	0	0	0	1	0
2712	1	0	0xbcabbe43	grenade_frag	1521352516	1523632992	1	0	0	0	1	0
2714	1	0	0xcaaadcb0	grenade_plasma	1521352516	1521965382	1	0	0	0	1	0
2727	1	0	0xbcabbe43	grenade_frag	1525973170	1529839918	1	0	0	0	1	0
2733	1	0	0xbcabbe43	grenade_frag	1528860247	1531808270	1	0	0	0	1	0
2735	1	0	0xbcabbe43	grenade_frag	1528860247	1530661139	1	0	0	0	1	0
2736	1	0	0x2974c233	wall	1528860247	1530873949	0	0	0	0	0	0
2746	1	0	0xbcabbe43	grenade_frag	1533631000	1536763361	1	0	0	0	1	0
2748	1	0	0xbcabbe43	grenade_frag	1533631000	1536663078	1	0	0	0	1	0
2759	1	0	0xbcabbe43	grenade_frag	1539286320	1544354981	1	0	0	0	1	0
2761	1	0	0xcaaadcb0	grenade_plasma	1539286320	1544654768	1	0	0	0	1	0
2780	1	0	0xbcabbe43	grenade_frag	1545263330	1548375585	1	0	0	0	1	0
2784	1	0	0xbcabbe43	grenade_frag	1545263330	1547674672	1	0	0	0	1	0
2786	1	0	0xbcabbe43	grenade_frag	1545263330	1547691730	1	0	0	0	1	0
2788	1	0	0xcaaadcb0	grenade_plasma	1545263330	1547875240	1	0	0	0	1	0
2790	1	0	0xcaaadcb0	grenade_plasma	1545263330	1547943646	1	0	0	0	1	0
2794	1	0	0xbcabbe43	grenade_frag	1545828128	1553448744	1	0	0	0	1	0
2796	1	0	0xbcabbe43	grenade_frag	1545828128	1552730854	1	0	0	0	1	0
2798	1	0	0xcaaadcb0	grenade_plasma	1545828128	1548142230	1	0	0	0	1	0
2800	1	0	0xcaaadcb0	grenade_plasma	1545828128	1547975157	1	0	0	0	1	0
2801	1	0	0x4396db42	other	1545828128	1547959928	1	0	0	0	0	0
2811	1	0	0x273fe0eb	grapple	1547959928	1548826812	1	0	0	0	1	0
2817	1	0	0x4396db42	other	1549111176	1551011540	0	0	0	0	0	0
2819	1	0	0x686b40c9	wall	1553114699	1553482230	1	0	0	0	1	0
2833	1	0	0x686b40c9	wall	1558871581	1559455358	1	0	0	0	1	0
2842	1	0	0xbcabbe43	grenade_frag	1565100009	1567696652	1	0	0	0	1	0
2844	1	0	0xbcabbe43	grenade_frag	1565100009	1568163178	1	0	0	0	1	0
2870	1	0	0x686b40c9	wall	1573886411	1574219793	1	0	0	0	1	0
2884	1	0	0x0f5716ff	grenade_spike	1580129958	1581577840	1	0	0	0	1	0
2897	1	0	0xbcabbe43	grenade_frag	1581917172	1589271006	1	0	0	0	1	0
2899	1	0	0xcaaadcb0	grenade_plasma	1581917172	1589304154	1	0	0	0	1	0
2901	1	0	0xcaaadcb0	grenade_plasma	1581917172	1593042103	1	0	0	0	1	0
2902	1	0	0x273fe0eb	grapple	1581917172	1582828822	2	0	0	0	2	0
2907	1	0	0xbcabbe43	grenade_frag	1586019053	1590688721	1	0	0	0	1	0
2917	1	0	0xbcabbe43	grenade_frag	1590176627	1593841598	1	0	0	0	1	0
2919	1	0	0xbcabbe43	grenade_frag	1590176627	1593025077	1	0	0	0	1	0
2921	1	0	0xcaaadcb0	grenade_plasma	1590176627	1593074560	1	0	0	0	1	0
2931	1	0	0x686b40c9	wall	1597013349	1597479878	1	0	0	0	1	0
2936	1	0	0xbcabbe43	grenade_frag	1598016951	1599482534	2	0	0	0	1	0
2938	1	0	0xcaaadcb0	grenade_plasma	1598016951	1599115882	1	0	0	0	1	0
2940	1	0	0xcaaadcb0	grenade_plasma	1598016951	1599682179	1	0	0	0	1	0
2953	1	0	0xbcabbe43	grenade_frag	1599903933	1609658950	1	0	0	0	1	0
2955	1	0	0xcaaadcb0	grenade_plasma	1599903933	1601868407	1	0	0	0	1	0
2957	1	0	0xcaaadcb0	grenade_plasma	1599903933	1602618804	1	0	0	0	1	0
2963	1	0	0xbcabbe43	grenade_frag	1604009497	1605621682	1	0	0	0	1	0
2965	1	0	0xbcabbe43	grenade_frag	1604009497	1608641224	1	0	0	0	1	0
